id,year_ce,year_raw,month,title,summary,event_type,location,is_rewrite_node,source_id,chunk_id,evidence
1,525,魏孝昌元年,,六镇余乱,"鲜于修礼定州作乱,吐斤洛周寇幽冀,合众十余万",战争,定州,0,1,1,有怀朔镇兵鲜于修礼，于定州作乱
2,528,武泰/建义间,,尔朱荣入洛杀胡氏,河阴之变背景:尔朱荣自晋阳入杀胡太后并诛亲属,政变,洛阳,0,1,1,天柱将军尔硃荣自晋阳入杀胡氏，并诛其亲属
3,528,建义元年,,侯景生擒葛荣,"尔朱荣命景先驱,河内大破之",战争,河内,0,1,1,命景先驱，至河内，击，大破之，生擒葛荣
4,547,太清元年正月,,侯景上表请降,"高欢死,侯景遣丁和上表,以河南十三州内附",外交,寿阳-建康,1,1,1,太清元年，乃遣其行台郎中丁和来上表请降
5,547,太清元年,,朝议纳景,"谢举等议非宜,高祖不从而纳;封河南王承制",外交,建康,1,1,1,皆云纳侯景非宜，高祖不从是议而纳景
6,546,中大同中,,武帝中原之梦,"梦中原牧守以地来降,朱异解为宇内将一",志怪,建康,0,1,1,高祖尝夜梦中原牧守皆以地来降
7,546,中大同中,,金瓯一言,"武德阁独言:我家国犹若金瓯无一伤缺,今便受地讵是事宜",志怪,建康,1,1,1,我家国犹若金瓯，无一伤缺，今便受地，讵是事宜，脱致纷纭，非可悔也
8,547,太清元年十一月,,寒山-彭城之败,萧渊明督众围彭城兵败没于魏,战争,彭城,0,1,1,豫州刺史贞阳侯渊明督众军围彭城，兵败没于魏
9,547,太清元年十二月,,涡阳溃败,"绍宗追击,暴显等降,景与腹心数骑渡淮,收散卒得马步八百人",战争,涡阳,0,1,1,乃与腹心数骑自峡石济淮，稍收散卒，得马步八百人，奔寿春
10,548,太清二年二月,,梁魏连和,"高祖与魏连和,景驰启固谏不从——信任崩断之始",外交,建康,1,1,1,二年二月，高祖又与魏连和。景闻之惧，驰启固谏，高祖不从
11,548,太清二年八月,,寿阳举兵,"攻马头木栅,执刘神茂等;以诛朱异为名",战争,寿阳,0,1,1,八月，景遂发兵反，攻马头、木栅
12,548,太清二年十月,,采石渡江,"王质无故退,折枝为验;马数百匹兵千人自采石济,京师不之觉",战争,采石,1,1,1,乃自采石济，马数百匹，兵千人，京师不之觉
13,548,太清二年十月,,朱雀航之战,"庾信彻航弃军,王质未阵奔走",战争,建康朱雀航,0,1,1,遂弃军走南塘，游军复闭航渡景
14,548,太清二年十月,,萧正德伪即位,"立正德为帝于仪贤堂,改元正平应童谣",政变,建康,0,1,1,十一月，景立萧正德为帝，即伪位于仪贤堂，改年曰正平
15,548,太清二年十月,,台城攻防开始,"烧大司马门,羊侃凿门扇刺杀数人",战争,台城,1,1,1,羊侃凿门扇，刺杀数人，贼乃退
16,548,太清二年十月,,东府城陷·屠二千人,"百尺楼车钩堞,驱文武裸杀二千余,南浦侯推遇害",战争,东府城,0,1,1,悉驱城内文武裸身而出，贼交兵杀之，死者二千余人
17,548,太清二年冬,,土山对峙,"城东西各起土山,城内亦作两山,王公负土,疲羸者杀以填山",战争,台城,0,1,1,疲羸者因杀之以填山，号哭之声，响动天地
18,548,太清二年十一月,,钟山之战,"邵陵王纶三万据钟山,赵伯超不赴,众军败绩",战争,钟山-玄武湖,1,1,1,时赵伯超陈于玄武湖北，见骏急，不赴
19,548,太清二年十二月,,火车攻城·玄武湖水灌台城,"宋嶷降贼献计,引玄武湖水灌城,阙前御街为洪波",战争,台城,0,1,1,材官将军宋嶷降贼，因为立计，引玄武湖水灌台城
20,549,太清三年正月,,青塘之战,"韦粲营未合被袭战死,柳仲礼驰救重创",战争,青塘,1,1,1,见韦粲营垒未合，先渡兵击之
21,548,太清二年冬,,援军剥掠,"百姓扶老携幼候王师,才过淮便竞剥掠,自拔者闻之咸止",灾异,建康,1,1,1,才得过淮，便竞剥掠，贼党有欲自拔者，闻之咸止
22,549,太清三年三月,,西华门会盟,"割江右四州,石城公大款出送,刑牲歃血——双方各怀鬼胎",外交,台城西华门,0,1,1,遂于西华门外设坛
23,549,太清三年三月,,台城陷落,"决石阙前水,百道攻城昼夜不息,城遂陷",战争,台城,1,1,1,即决石阙前水，百道攻城，昼夜不息，城遂陷
24,549,太清三年三月,,焚积尸,"城中积尸聚而烧之,臭闻十余里;鲍正疾笃被焚",灾异,台城,0,1,1,景悉聚而烧之，臭气闻十余里
25,549,太清三年五月,,武帝崩于文德殿,"御膳被裁抑,忧愤感疾而崩;密不发丧二十余日",政变,文德殿,0,1,1,五月，高祖崩于文德殿
26,549,太清三年,,廷见天威,"景带甲士五百升殿,默然不能对;出谓王僧贵:天威难犯",文化,文德殿,0,1,1,今日见萧公，使人自慑，岂非天威难犯？吾不可再见之
27,549,太清三年,,百济使号泣,"百济使至,见城邑丘墟,端门外号泣",外交,建康,0,1,1,百济使至，见城邑丘墟，于端门外号泣，行路见者莫不洒泪
28,549,太清三年,,矫诏免奴,"矫诏赦北人为奴婢者,冀收其力用",制度,建康,0,1,1,矫诏赦北人为奴婢者，冀收其力用焉
29,550,大宝元年正月,,祖皓广陵起兵,"斩董绍先,推萧勔;景攻陷之,车裂皓,城中无少长皆斩",战争,广陵,0,1,1,景车裂皓以徇，城中无少长皆斩之
30,550,大宝元年,,文成侯宁吴中起兵,"旬日万众西上,孟振侯子荣击破斩之",战争,吴郡,0,1,1,文成侯宁于吴西乡起兵，旬日之间，众至一万
31,551,大宝元年七月,,晋熙之陷,"任约卢晖略攻晋熙,杀鄱阳世子嗣",战争,晋熙,0,1,1,任约、卢晖略攻晋熙郡，杀鄱阳世子嗣
32,551,大宝元年,,宇宙大将军,矫诏加相国汉王→宇宙大将军都督六合诸军事;太宗惊:将军乃有宇宙之号乎,制度,建康,0,1,1,相国可加宇宙大将军、都督六合诸军事
33,551,大宝二年三月,,郢州陷落,"宋子仙轻骑三百袭郢州,执方诸鲍泉;徐文盛军大溃",战争,郢州,0,1,1,遣宋子仙率轻骑三百袭陷之，执刺史方诸、行事鲍泉
34,551,大宝二年四月,,巴陵之战,王僧辩坚壁;胡僧祐陆法和赤亭大破任约生擒之;景夜遁,战争,巴陵-赤亭,1,1,1,僧祐与居士陆法和退据赤亭以待之，约至与战，大破之，生擒约。景闻之，夜遁
35,551,大宝二年,,回风折物,"迎萧栋即位,有回风自永福省吹其文物皆倒折,见者惊骇",志怪,建康,0,1,1,有回风自永福省吹其文物，皆倒折，见者莫不惊骇
36,551,大宝二年十月壬寅夜,,弑简文帝,"彭俊王修纂奉酒,大酣醉,帊盛土加腹崩;前有梦吞土之谶",政变,永福省,1,1,1,修纂以帊盛土加于腹，因崩焉
37,551,大宝二年十一月,,受禅异象三连,剑坠/兔走/白虹贯日;南郊登坛改元太始,志怪,建康南郊,0,1,1,景所带剑水精标无故堕落
38,551,大宝二年十一月,,七庙之问,"问何谓七庙,惟忆阿爷名标,众窃笑;王伟造汉侯霸为始祖",文化,建康,0,1,1,景曰：“前世吾不复忆，惟阿爷名标。”众闻咸窃笑之
39,552,承圣元年三月,,石头决战,僧辩连营立栅至落星墩;掘僧辩父墓焚尸;景列阵挑战大破之,战争,石头城,0,1,1,僧辩率众军奋击，大破之，侯子鉴、史安和、王僧贵各弃栅走
40,552,承圣元年,,皮囊盛二子东逃,以皮囊盛二子挂马鞍东奔;松江推堕二子于水;沪渎入海,战争,吴郡-沪渎,0,1,1,推堕二子于水，自沪渎入海
41,552,承圣元年四月,,壶豆洲之终,"羊鲲杀之,曝尸建康市,百姓屠脍啖食,焚骨扬灰,灰和酒饮;枭首煮漆付武库",战争,壶豆洲-建康,0,1,1,百姓争取屠脍啖食，焚骨扬灰。曾罹其祸者，乃以灰和酒饮之
42,520,普通中(谶),,青丝白马童谣,"青丝白马寿阳来——景果乘白马,兵皆青衣",志怪,建康,0,1,1,普通中，童谣曰：“青丝白马寿阳来。”后景果乘白马，兵皆青衣
43,505,天监中(谶),,宝志二谶,"掘尾狗子自发狂/山家小儿果攘臂,太极殿前作虎视",志怪,建康,0,1,1,又曰：“山家小儿果攘臂，太极殿前作虎视。”
44,540,大同中(谶),,硃耽犬羊之梦,"太医令梦犬羊各一在御坐,觉而恶之——后景登正殿",志怪,建康,0,1,1,夜梦犬羊各一在御坐，觉而恶之
45,552,承圣间,,僧通预言盐尸,夺弓射景阳山大呼得奴已;取肉揾盐:不咸则烂臭——果以盐封其尸,志怪,建康,0,1,1,“不咸则烂臭。”果以盐封其尸
46,538,沙苑战后,,侯景请骑取关中,"宇文泰恃胜必怠,请数千劲骑关中取之;娄妃谏止",战争,晋阳,0,2,2,请以数千劲骑至关中取之
47,540,镇河南前,,缚萧衍为太平寺主,"请兵三万横行天下,要须济江缚取萧衍老公以作太平寺主——狂言成谶",志怪,河南,0,2,2,以作太平寺主
48,548,涡阳之战,,跛脚奴之骂,小城人登陴诟:跛脚奴何为邪——景怒破城杀言者,战争,淮上,0,2,2,人登陴诟之曰：“跛脚奴何为邪！”景怒，破城杀言者而去
49,548,涡阳,,绍宗纵景,景若就禽公复何用——养寇自重的千年注脚,战争,涡阳,0,2,2,景若就禽，公复何用
50,548,太清二年八月,,登坛歃血地大震,"豫州城内集将帅登坛歃血,是日地大震",志怪,寿阳,0,2,2,登坛歃血。是日地大震
51,548,太清二年,,折棰笞之,"武帝笑:是何能为,吾以折棰笞之;悬赏斩景者封二千户",战争,建康,0,2,2,吾以折棰笞之
52,548,太清二年十月,,板桥对答,"贺季问何以为名,景曰:欲为帝也;王伟圆场:除奸臣耳",文化,板桥,0,2,2,景曰：“欲为帝也。”王伟进曰：“朱异、徐驎谄黩乱政，欲除奸臣耳。”
53,548,太清二年,,焚东宫图籍,"简文募人烧东宫台殿尽,所聚图籍数百厨一皆灰烬;先梦秦始皇云此人复焚书",志怪,东宫,0,2,2,所聚图籍数百厨，一皆灰烬。先是简文梦有人画作秦始皇，云“此人复焚书”，至是而验
54,549,围城中,,纸鸦传书,"羊车儿献计作纸鸦藏敕,因西北风放;群贼骇谓厌胜之术,射下之",志怪,台城,0,2,2,作纸鸦系以长绳，藏敕于中。简文出太极殿前，因西北风而放
55,549,围城中,,僧腾客,"土山敢死士名僧腾客,配二山交互以战;柳津命地道毁外山",战争,台城,0,2,2,募敢死士，厚衣袍铠，名曰“僧腾客”，配二山
56,549,太清三年,,简文诗谶,"雪花无有蔕/冰镜不安台/飞轮了无辙——无蒂无帝,台城不安",志怪,建康,0,2,2,后人以为诗谶，谓无蔕者，是无帝。不安台者，台城不安
57,549,太清三年,,内应纳贼,"萧坚帐内白昙朗董勋华于城西北楼纳贼,五鼓四面飞梯",战争,台城西北,1,2,2,白昙朗、董勋华于城西北楼纳贼。五鼓，贼四面飞梯
58,549,太清三年,,御床三问,度江几人曰千人;围台城几人曰十万;今有几人曰率土之内莫非己有,文化,文德殿,0,2,2,"“初度江有几人？”景曰：“千人,”“围台城有几人？”曰：“十万。”"
59,549,太清三年五月,,钉陵绝灭,"葬武帝于修陵,使卫士以大钉于要地钉之,欲令后世绝灭",志怪,修陵,0,2,2,使卫士以大钉于要地钉之，欲令后世绝灭
60,550,大宝元年三月,,乐游苑禊宴,"景请简文禊宴,帐饮三日;与溧阳主共据御床南面并坐",文化,乐游苑,0,2,2,景即与溧阳主共据御床南面并坐，群臣文武列坐侍宴
61,550,大宝元年四月,,西州共宴·唱经,"我念丞相/我为公讲;景问何经最小,唱尔时无尽意菩萨;上大笑",文化,西州,0,2,2,景即唱“尔时无尽意菩萨”。上大笑
62,550,大宝间,,江南大饥(南史版),"米一升七八万钱,人相食有食其子者;鸟面鹄形,衣罗绮怀金玉交相枕藉;千里绝烟白骨成聚",灾异,江南,0,2,2,米一升七八万钱，人相食，有食其子者
63,551,大宝间,,李瞻剖胆,"东阳李瞻起兵被执,断手足刻析心腹,言笑自若,胆如升",志怪,建邺市,0,2,2,瞻正色整容，言笑自若，见其胆者乃如升焉
64,551,大宝二年,,重云殿盟誓,"景立简文,升重云殿礼佛为盟:两无疑贰,臣不负陛下陛下亦不得负臣",文化,重云殿,0,2,2,臣乞自今两无疑贰，臣固不负陛下，陛下亦不得负臣
65,551,大宝二年,,受禅异象全录,大风拔木旗盖尽偃/剑坠手自拾/兔走/白虹贯日三重日青无色/床脚自陷/中会触扆坠地,志怪,建康南郊,0,2,2,大风拔木，旗盖尽偃，文物并失旧仪
66,551,受禅后,,百日天子,"武帝拆字预言:小人百日天子;篡位至败恰一百二十日,在宫足满十旬",志怪,建康,0,2,2,案景以辛未年十一月十九日篡位，壬申年三月十九日败，得一百二十日
67,551,受禅后,,的脰乌与庙柏,"童谣:的脰乌拂朱雀还与吴/脱青袍着芒屩荆州天子挺应着;文宣太后庙柏独茂重青,贼斫之再宿悉枯",志怪,建康,0,2,2,童谣曰：“的脰乌，拂朱雀，还与吴。”
68,552,承圣元年,,建康户口百遗一二,"都下户口百遗一二,大航南岸极目无烟;王琳杜龛军人掠民甚于寇贼——王师之酷甚于侯景,君子以是知僧辩之不终",灾异,建康,0,2,2,都下户口百遗一二，大航南岸极目无烟
69,552,承圣元年,,魏人檄谶,"景未渡江前魏人檄极言景反复猜忍——至是祸败之状皆如所陈,南人咸以为谶",志怪,,0,2,2,南人咸以为谶
70,552,承圣元年,,足瘤与白马,"左足肉瘤状似龟,战胜则隐起分明,不胜则低,败日瘤隐陷;白马胜则踯躅嘶鸣,败则低头不前",志怪,,0,2,2,始景左足上有肉瘤，状似龟，战应克捷，瘤则隐起分明
71,552,承圣元年,,北方族诛,"高澄剥景妻子面皮铁镬油煎;男三岁者下蚕室;齐文宣梦猕猴坐御床,并煮景子于镬",战争,邺城,0,2,2,后齐文宣梦猕猴坐御床，乃并煮景子于镬，其子之在北者歼焉
72,552,承圣元年,,盐尸确证(南史版),"僧辩截二手送齐文宣;果以盐五斗置腹中送建康曝市;百姓屠脍羹食皆尽,溧阳主亦预食例",志怪,建康,0,2,2,果以盐五斗置腹中，送于建康，暴之于市
73,552,承圣元年,,苦竹町谶,"江陵谣言:苦竹町市南有好井,荆州军杀侯景——首至,付李季长宅,宅东即苦竹町,鼎镬用市南井水",志怪,江陵,0,2,2,先是江陵谣言：“苦竹町，市南有好井。荆州军，杀侯景。”
74,552,承圣元年,,王伟之死(南史版),"狱诗求免,帝爱才将舍;朝士举檄文'湘东一目宁为赤县所归',帝怒钉舌剜肠,仇家脔肉——与梁书'烹于市'互异",政变,江陵,0,2,2,檄云：“项羽重瞳，尚有乌江之败；湘东一目，宁为赤县所归。”帝大怒
75,549,太清三年,,朱异家奴投景,"朱异家黥奴逾城投贼为仪同,乘马披锦袍诟曰:朱异五十年仕宦方得中领军,我始事侯王已为仪同——奴僮竞出",制度,台城,0,2,2,朱异家黥奴乃与其侪踰城投贼，景以为仪同
76,540,高欢防景,,书信暗点,"高欢与景书别加微点,虽子弟弗之知——防反措施",制度,,0,2,2,别加微点
77,548,太清二年十月,,渡江兵力(南史版),"自采石济,马数百匹兵八千人,都下弗之觉——与梁书'兵千人'互异",战争,采石,0,2,2,马数百匹，兵八千人
78,551,受禅后,,东厢香炉,"床东香炉无故堕地,景曰东厢香炉那忽下地——议者以为湘东军下之征",志怪,台城,0,2,2,此东厢香炉那忽下地
79,548,太清二年,,童谣年代(南史版),"大同中童谣:青丝白马寿阳来——与梁书'普通中'互异;景涡阳败后求锦得青布用为袍,乘白马青丝为辔以应谣",志怪,建康,0,2,2,青丝白马寿阳来。”
80,548,太清二年,,韦粲赴援,"闻乱简阅部下得精卒五千马百匹倍道赴援;刘孝仪置酒,以杯抵地:韦粲今日何情饮酒",战争,庐陵-豫章,0,1,3,韦粲今日何情饮酒
81,549,太清三年正月,,青塘之死(详),"昏雾失道夜过半垒至晓未合;景登禅灵寺阁望见来攻;军副劝据栅不从;子弟助警构昂皆战死,亲戚死者数百人",战争,青塘,1,1,3,比及青塘，夜已过半，垒栅至晓未合
82,548,太清二年,,江氏三兄弟之死,"子一启:贼围未合犹可出荡;承明门挑贼,身先士卒抽戈独进;子四子五相引赴贼并见害",战争,承明门,0,1,3,请与其弟子四、子五帅所领百余人，开承明门挑贼
83,549,太清三年,,张嵊守吴兴,"斩刘神茂使;破神茂;侯子鉴二万助攻,栅破;释戎服坐听事不屈,刑于都市年六十二",战争,吴兴,0,1,3,今欲收集兵力，保据贵乡
84,549,太清三年,,后渚刺杀未遂,"柳敬礼谋于饯宴抱景,仲礼拔刀斫杀;见备卫严不敢动,计遂不果",战争,后渚,1,1,3,及酒数行，敬礼目仲礼，仲礼见备卫严，不敢动，计遂不果
85,549,太清末,,斫髄下狱,"僧辩欲待竟陵兵集,世祖以为迁延,斫中左髄流血至地;会岳阳王袭江陵,狱中问计登即赦用",政变,江陵,1,1,4,世祖因斫之，中其左髀，流血至地
86,551,大宝二年,,巴陵守城(详),"沉公私船,偃旗卧鼓;兔头肉薄,矢石雨下;桔槔聚茅置火自焚而退;频战挫衄任约被擒,景烧营夜遁",战争,巴陵,1,1,4,城上放木掷火爨昚石，杀伤甚多
87,551,大宝二年,,郢城诈擒宋子仙,伪许给船百艘以老其意;杜龛攀堞鼓噪掩至仓门;白杨浦生擒子仙送江陵,战争,郢城,0,1,4,僧辩伪许之，命给船百艘，以老其意
88,552,承圣元年二月,,白茅洲盟誓,"陈霸先率众五万出南江前军五千至湓口;登坛盟誓,霸先为文,皆泪下沾襟——王陈合流定格",外交,白茅洲,1,1,4,与僧辩会于白茅洲，登坛盟誓
89,552,承圣元年,,石头决战(详),霸先:丑虏游魂贯盈已稔…我众贼寡且分其势;强弩二千攻西面两城;僧辩在后麾军而进复大破之,战争,石头城,0,1,4,我众贼寡，且分其势
90,552,承圣元年,,军人卤掠京邑,"剥剔士庶衵衣不免,尽驱逼居民以求购赎,自石头至东城缘淮号叫之声震响京邑",灾异,建康,0,1,4,自石头至于东城，缘淮号叫之声，震响京邑
91,552,承圣间,,车轮之战,"陆纳以王琳为辞反;连城逼贼;贼党吴藏李贤明开门掩出,李贤明铠马直趋僧辩,据胡床不动遂斩之",战争,车轮,0,1,4,李贤明乘铠马，从者十骑，大呼冲突，僧辩尚据胡床，不为之动
92,554,承圣三年,,胡僧祐之死,"西魏寇至都督城东,亲当矢石昼夜督战,中流矢卒年六十三;世祖驰往临哭;内外惶骇城遂陷",战争,江陵,1,1,4,俄而中流矢卒，时年六十三
93,551,大宝二年,,徐文盛通款败露,"妻石氏在建邺,景载以还之,深德景密通信使都无战心;杜幼安等独进破景;郢州陷军溃,奔还下狱死",战争,西阳-芦洲,0,1,4,景载以还之
94,552,承圣元年,,横岭横截,"杜掞从岭后横截,景亲率精锐左右冲突而大败,东奔晋陵,掞入据城",战争,石头横岭,0,1,4,掞从岭后横截之，景乃大败，东奔晋陵，掞入据城
95,490,天监前(微时),,阴智伯异光之谶,"入高祖卧内见异光成五色,握手言公后必大贵非人臣也,安苍生者其在君乎——萧衍微时预言",志怪,,0,1,4,见有异光成五色，因握高祖手曰：“公后必大贵，非人臣也
96,555,绍泰元年,,夜袭石头(详),"陈霸先自京口水陆十万俱至;僧辩与子頠走出,据南门楼乞命;霸先纵火焚之;委公北门何谓无备;尔夜斩之",政变,石头城,1,1,4,僧辩与其子頠遽走出阁
97,556,绍泰间,,杜龛之亡,"僧辩婿杜龛据吴兴,杜泰攻陈蒨败;周文育破之;霸先亲围;会齐将柳达摩袭京师霸先还和,龛闻齐兵还乃降,遂遇害",战争,吴兴,0,1,4,会齐将柳达摩等袭京师，霸先恐，遂还与齐人连和
98,317,永嘉南迁,,陈氏二百年预言,"长城令陈达:此地山川秀丽当有王者兴,二百年后我子孙必钟斯运——二百三十年后应验",志怪,长城,0,3,5,此地山川秀丽，当有王者兴，二百年后，我子孙必钟斯运
99,530,微时,,纳日之梦,"夜梦天开数丈,四人硃衣捧日而至,令高祖开口纳焉;及觉腹中犹热,心独负之",志怪,义兴,0,3,5,夜梦天开数丈，有四人硃衣捧日而至，令高祖开口纳焉
100,540,大同中,,画工图容,"平杜天合救广州后,梁武帝深叹异,遣画工图高祖容貌而观之——皇帝第一次'看见'主角原型",文化,建康,0,3,5,梁武帝深叹异焉，授直阁将军，封新安子
101,547,太清元年前,,交州平李贲,"苏历江口摧陷;典澈湖夜江水暴起七丈乘流先进,贼众大溃;贲窜屈獠洞被斩传首",战争,交州,0,3,5,是夜江水暴起七丈，注湖中，奔流迅激
102,549,太清三年,,始兴举义,"元景仲阴图高祖,集义兵于南海驰檄讨之,景仲缢于阁下;厚结始兴豪杰,侯安都等千余人来附",战争,始兴,1,3,5,集义兵于南海，驰檄以讨景仲
103,550,大宝元年,,泣答决计,"钟休悦说留;霸先泣:君辱臣死谁敢爱命,仆行计决矣;遣使间道往江陵禀承军期",外交,始兴,1,3,5,仆行计决矣
104,552,承圣元年,,白茅湾会盟(陈书版),"僧辩已发湓城会高祖于白茅湾,登岸结坛刑牲盟约——与梁书'白茅洲'互异",外交,白茅湾,1,3,5,会高祖于白茅湾，乃登岸结坛，刑牲盟约
105,552,承圣元年三月,,石头城下战略演讲,"柳仲礼前车之鉴论;今围石头须渡北岸,请先往立栅;横陇筑栅连八城;贼果林作五城",战争,石头城,1,3,5,今围石头，须渡北岸
106,552,承圣元年,,石头大破(陈书版),"分贼兵势以弱制强常山蛇论;景与百余骑弃槊执刀左右冲阵阵不动,景众大溃逐北至西明门;遣腹心取其二子而遁",战争,石头城,0,3,5,景与百余骑弃槊执刀，左右冲阵，阵不动，景众大溃
107,555,承圣四年九月,,夜发南徐,密具袍数千领及锦彩金银以为赏赐之具;召徐度侯安都周文育谋;是夜发南徐讨王僧辩,政变,京口,1,3,5,乃密具袍数千领，及锦彩金银，以为赏赐之具
108,555,绍泰元年,,石头平叛战,徐嗣徽柳达摩引齐;侯安都夜袭胡墅烧齐船千艘;周铁虎断运;官军连舰塞淮口断贼水路,战争,建康,0,3,5,烧齐船千余艘
109,556,太平元年三月,,玉玺四纽,"前宁远石城公外兵参军王位于石头沙际获玉玺四纽,高祖表以送台",志怪,石头,0,3,5,获玉玺四纽，高祖表以送台
110,556,太平元年,,甘露频降,"自去冬至是,甘露频降于钟山梅岗南涧及京口江宁,或至三数升,大如弈棋子",志怪,建康,0,3,5,甘露频降于钟山、梅岗、南涧及京口、江宁县境
111,556,太平元年五月,,白虎阙告天,"刑牲告天于大司马门外白虎阙下,发言慷慨涕泗交流,同盟皆莫能仰视,士卒观者益奋",文化,建康,0,3,5,于大司马门外白虎阙下刑牲告天
112,556,太平元年六月,,莫府山夜雨(陈书版),"断粮(尽获其船米,齐军杀马驴而食);夜大雨震电暴风拔木平地水丈余,齐军尽夜坐立泥中悬鬓以爨,而台中及潮沟北水退路燥,官军每得番易;旦攻之大溃",战争,莫府山,1,3,5,其夜大雨震电，暴风拔木，平地水丈余，齐军尽夜坐立泥中
113,557,永定元年十月,,受禅天晴,"先是氛雾昼夜晦冥,至于是日景气清晏,识者知有天道焉;即位于南郊柴燎告天",志怪,建康南郊,0,3,5,先是氛雾，昼夜晦冥，至于是日，景气清晏，识者知有天道焉
114,557,永定元年,,佛牙出杜姥宅,"诏出佛牙于杜姥宅,集四部设无遮大会,高祖亲出阙前礼拜——法献乌缠国得之,慧兴慧志保藏,承圣末密送于高祖",志怪,建康,0,3,5,诏出佛牙于杜姥宅，集四部设无遮大会，高祖亲出阙前礼拜
115,557,永定元年,,樟木流至,"太极殿焚后议营独阙一柱;有樟木大十八围长四丈五尺,流泊陶家后渚——起太极殿",志怪,建康,0,3,5,至是有樟木大十八围，长四丈五尺，流泊陶家后渚
116,558,永定年间,,祥瑞爆发,"青龙见东方;太极殿前龙迹;广州白龙长数十丈历城西道;仙人见于罗浮山寺,长三丈通身洁白;重云殿鸱尾紫烟属天;京师地震",志怪,陈境,0,3,5,仙人见于罗浮山寺小石楼，长三丈所，通身洁白，衣服楚丽
117,559,永定三年六月,,崩于璿玑殿,"荧惑在天尊之夜疾甚;崩年五十七;遗诏追临川王蒨入纂;谥武皇帝庙号高祖;史评俭素:常膳不过数品,瓦器蚌盘",政变,璿玑殿,0,3,5,是夜，荧惑在天尊。高祖疾甚
118,540,大同中,,折树矟,"帝赐紫骝令试新造两刃矟,左右击刺特尽其妙,观者登树,树折——威仪名场面",文化,乐游苑,0,2,7,观者登树
119,548,太清二年,,采石之策被寝,"二千人急据采石+邵陵袭寿春之策,议者谓未敢便逼都遂寝——改写节点③的原始提案",战争,建康,1,2,7,议者谓景未敢便逼都，遂寝其策
120,548,太清二年,,四十七年不识兵,"梁兴四十七年境内无事,公卿及闾里士大夫莫见兵甲;贼至卒迫,公私骇震",制度,建康,0,2,7,是时梁兴四十七年，境内无事，公卿在位，及闾里士大夫莫见兵甲
121,548,太清二年,,引弓射子,"贼执羊鷟示侃;我倾宗报主岂复计此一子;数日复持来,引弓射之;贼以其忠义亦弗之害",战争,台城,0,2,7,吾以身许国，誓死行阵，终不以尔而生进退
122,548,太清二年,,免胄之望,"傅士哲:愿去戎服得一相见;侃为免胄,士哲瞻望久之而去,其为北人所钦慕如此",文化,台城下,0,2,7,侃为免胄，士哲瞻望久之而去
123,552,承圣元年,,胡豆洲杀景(羊从版),"景昼寝,从语海师直向京口;三人同谋乞头取富贵;景欲透水,从抽刀斫之;以小刀抉船,从刺杀之",战争,胡豆洲,1,2,7,遂直向京口，至胡豆洲，景觉，大惊
124,548,太清二年,,羊侃之死,"大雨土山崩贼垂入;火城断路城内筑城;寻以疾卒于城内,赠侍中护军将军——台城支柱塌了",战争,台城,1,2,7,寻以疾卒于城内，赠侍中、护军将军
125,524,北魏末,,羊侃射杀莫折天生,"秦州羌莫折念生反,遣弟天生攻岐寇雍;侃为偏将隶萧宝寅讨之,射杀天生其众即溃",战争,雍州,0,2,7,射杀天生
126,529,529,,夜溃围南归,"于晖率众十万及高欢等相继围;栅中矢尽南军不进,夜溃围出,一日一夜出魏境,众尚万余人马二千匹;士卒竟夜悲歌,各拜辞而去",战争,兖州,0,2,7,士卒竟夜悲歌
127,550,550,,郢州陷·之推被囚,"侯景陷郢州频欲杀之推,王则再三救护;囚送建业;景平还江陵",战争,郢州,0,4,6,值侯景陷郢州，频欲杀之
128,556,556,,黄河筮卦东行,"闻梁人返国有奔齐之心;丙子岁旦筮东行吉不,遇泰之坎,喜曰天地交泰而更习坎,此吉卦也——后遂吉",志怪,弘农,0,4,6,"遇泰之坎，乃喜曰：""天地交泰而更习"
129,554,554,,江陵焚书(赋注版),"唯孝元鸠合,通重十余万,史籍以来未之有也;兵败悉焚之,海内无复书府;北于坟籍少于江东三分之一",灾异,江陵,1,4,6,兵败悉焚之，海内无复书府
130,549,太清,,百家覆灭(赋注),"中原冠带随晋渡江者百家,故江东有百谱,至是在都者覆灭略尽",灾异,建康,0,4,6,中原冠带随晋渡江者百家，故江东有百谱，至是在都者覆灭略尽
131,555,承圣,,齐境扩张(赋注),"侯景之乱齐氏深斥梁家土宇,江北淮北唯余庐江晋熙高唐新蔡西阳齐昌数郡;至孝元之败,于是尽矣,以江为界",战争,淮南,0,4,6,江北、淮北唯余庐江、晋熙、高唐、新蔡、西阳、齐昌数郡
132,549,549,,百日天子(赋注),"台城陷后梁武独坐叹:侯景于文为小人百日天子;十一月十九僭位至三月十九弃城,一百二十日",志怪,建康,0,4,6,"梁武曾独坐叹曰：""侯景于文为小人百日天子。"""
133,550,550,,烹尸食尽(赋注),"既斩侯景烹尸于建业市,百姓食之,至于肉尽龁骨,传首荆州悬于都街",战争,建业,0,4,6,百姓食之，至于肉尽龁骨，传首荆州，悬于都街
134,577,577,,三为亡国之人,"在扬都值侯景杀简文而篡位,于江陵逢孝元覆灭,至此(齐亡)而三为亡国之人",文化,,0,4,6,予一生而三化，备荼苦而蓼辛
135,280,西晋,,【母题:宿命记忆】羊祜识环,羊祜五岁令乳母取先所弄指环:昔于东垣边弄之落桑树中;乳母掘之果得——前世记忆实证,志怪,,0,5,8,昔於東垣邊弄之，落桑樹中
136,296,晋元康中,,【母题:诵经御火】竺长舒邻火,"草屋下风,诵观音经,火至其家自越;不信者取火爇之三掷不燃",志怪,洛阳,0,5,8,其後鄰比失火。長舒家悉草屋，又正在下風
137,350,晋永和中,,【母题:狱囚得脱】窦传系狱,"被俘共系入狱;一心呼观世音,锁械自解,守者并寐,逾城而逝",志怪,并州,0,5,8,同伴六七人，共繫入一獄
138,360,晋,,【母题:海难救溺】徐荣洄澓,"舟堕洄澓垂欲沉没;至心呼观世音,如有数十人齐力引船,踊出覆没中",志怪,定山,0,5,8,如有數十人齊力引船者，踴出
139,372,晋咸安二年,,【母题:梦医治病】竺法义感疾,"山居沙门疾病积时攻治备至不损;梦人道人为治,疾愈——观音疗疾母题",志怪,始宁保山,0,5,8,至咸安二年，忽感心氣，疾病積時
140,416,晋义熙十二年,,【母题:铸像免死】僧洪偷铸,"官禁镕铸,偷铸丈六金像;收禁相府锁械甚严;心念观音,像现金色,获免",志怪,瓦官寺,0,5,8,所司收洪，禁在相府，鎖械甚嚴
141,450,刘宋,,【母题:谤佛致殃】史俊脚挛,奉道慢佛:佛是小神不足事耳;病脚挛种种祈福无效;造观音像得愈,志怪,,0,5,8,佛是小神，不足事耳
142,400,晋宋间,,【母题:地狱巡游】镬汤剑树,鬼持叉三四百人立一面次当入镬相抱悲泣;剑树高广不可限极——地狱景观原典,志怪,,0,5,8,次當入鑊，相抱悲泣。或劍樹高廣，不可限極
143,405,晋宋间,,【母题:死而复生述冥】孙丰郝伯平集会,死而复生多见罪福互来访问;太中大夫孙丰关内侯郝伯平等十人同集论冥界见闻,志怪,,0,5,8,死而復生，多見罪福，互來訪問
144,410,晋宋间,,【母题:冥司房舍】道人舍,冥司福舍前土地神问吏此是何等舍;吏曰道人舍——持戒者冥中有屋,志怪,,0,5,8,此是何等舍？」吏曰：「道人舍。
145,395,晋宋间,,【母题:阎罗讲经】王浮锁械,阎罗王讲首楞严经;见道士王浮身被锁械求祖忏悔——佛道冥判高下,志怪,,0,5,8,閻羅王講《首楞嚴經》。又見道士王浮身被鎖械
146,500,齐梁间,,【母题:观音金像现前】陈玄范妻,精心奉佛恒愿自作金像终身供养;专心日久忽有观音金像连光五尺见高座上(辩正论卷七辑),志怪,,0,5,8,忽有觀音金像，連光五尺，見高座上
147,65,汉明帝时,,【母题:佛教初传】汉明帝梦神人,"形垂二丈身黄金色项佩日光;或对曰西方有神其号曰佛,形如陛下所梦——感应链条的起点",志怪,洛阳,0,5,8,形垂二丈，身黃金色，項佩日光
148,340,晋,,【母题:水怪支无肿】吕竑父溪行,"县南溪流急岸峭白日行者犹怀危惧;父尝行溪中暮天风暴,诵观音得济——山水灵验",志怪,始丰,0,5,8,流急岸峭，迴曲如縈，又多大石
149,325,晋,,【还冤:含玄射报】力士含玄,"晋明帝杀力士含玄;含玄预嘱持刀者'我颈多筋斫之必令即防';死后见绛冠朱服,赤弓丹矢射持刀者,呼'含玄缓我'而死",志怪,,0,5,9,我颈多筋斫之必令即防吾将报汝
150,310,永嘉年,,【还冤:门生谋财】诸元崇堕水,"琅琊人诸覆永嘉年为元真太守;长子元崇(十九岁)送丧;门生何法僧贪其资货,推堕水死分其财;母陈氏梦元崇还,具叙凶事",志怪,,0,5,9,何法僧贪其资货与伴共推元崇堕水而死
151,251,魏,,【还冤:颈食诉帝】夏侯玄,"夏侯玄(字太初)为司马景王所忌杀;宗族设祭,见玄来灵座,脱头置旁,取果食以内颈中;言'吾得诉于上帝矣,司马子元无嗣也';景王寻薨无子",志怪,,0,5,9,吾得诉于上帝矣司马子元无嗣也
152,-690,春秋,,【还冤:彭生下车】鲁桓公,"齐襄公使公子彭生送桓公于车,彭生多力抵桓公胁杀之;后齐侯田猎见豕人立而啼,从者曰'公子彭生也'",志怪,齐,0,5,9,彭生多力乃抵桓公胁桓公薨于车上
153,-470,春秋,,【还冤:呼名山应】公孙圣,"吴王夫差杀臣公孙圣不以罪,投余杭山下;越伐吴,王败走道当由之,使太宰嚭唱圣名,果有应声",志怪,余杭山,0,5,9,吾前杀臣公孙圣投于余杭山之下
154,355,晋永和,,【还冤:截头预告】张祚,"张祚自立凉王;河州刺史张璀强盛,祚密遣兵图璀,璀率众拒杀祚;后璀数见祚来,铠甲举手指璀'底奴要当截汝头';璀入姑臧立张玄靓,为部下所杀",志怪,凉州,0,5,9,底奴要当截汝头
155,435,宋元嘉中,,【还冤:乐伎冤死】陶继之,"丹阳陶继之为秣陵令,捕劫李龙等;引一人是太乐伎(劫发之夜在同伴处奏乐);陶不详审,作款列上;伎死之日曰'我无罪,当诉天帝';后陶见伎来曰'昔枉见杀,今已得请于天帝';旬日而死",志怪,秣陵,0,5,9,此伎推同伴往就人宿共奏音声陶不详审为作欵列
156,466,宋泰始,,【还冤:伏甲杀琬】张悦,"江州刺史邓琬立晋安王子勋作乱;琬败,张悦惧诛称暴疾伏甲召琬杀之;后悦病,常见琬来;悦遂死",志怪,湓口,0,5,9,琬赦之以为冠军将军与共经纪军事
157,490,齐,,【还冤:太子加药】萧嶷见形,"齐豫章王萧嶷亡后,见形于沈文季:'我病未应死,皇太子加膏中十一种药,使我不差;汤中复加药一种,使我利不断;吾已先诉'——怀出青纸文书,呈主上",志怪,建康,0,5,9,皇太子加膏中十一种药使我不差
158,531,魏,,【还冤:匿金恶报】寇祖仁,"城阳王元徽为孝庄帝画计杀尔朱荣;尔朱兆入洛,徽走投洛阳令寇祖仁(父叔兄弟三人皆徽之力);兆购徽万户侯,祖仁斩徽送之,并匿其金百斤马五十匹;后兆梦徽言'我金二百斤马百匹在祖仁家',兆索得金马,祖仁忧死",志怪,洛阳,0,5,9,并匿其金百斤马五十匹
159,389,晋太元十四年,,【还冤:裳飞示处】张鹿杀经旷,"张鹿与经旷共登钟岭,鹿酒失色拔刀斩旷;旷母梦旷自说:尸在涧中,脱裈覆腹,'当令裳飞起以示处也';明晨觅之,裳果飞起,尸在涧中,裈覆腹如梦",志怪,钟岭,0,5,9,当令裳飞起以示处也
160,340,晋,,【还冤:白日见杀】石密,"山阴县令石密先为御史时,枉奏杀典客令万黜;后密白日见黜来杀密,遂死",志怪,山阴,0,5,9,宻白日见黜来杀宻遂死
161,371,晋,,【还冤:桓温见晞】武陵王晞,"桓温废帝立简文;忌太宰武陵王晞,奏免晞及子综官;后温疾,见晞来;温死",志怪,,0,5,9,温常忌之故加罪状奏免晞及子综官
162,385,秦,,【还冤:缢主索命】苻坚,"姚苌缢苻坚于新平佛寺;后苌与苻坚战,每见坚在军中,惧而败;苌病,夜梦坚将天官使者鬼兵数百入营;苌惊惧,掘坚尸鞭挞,仍梦,又做坚像,像前祝祷,无效;遂斩像首;苌病中狂言坚来索命而死",志怪,,0,5,9,姚苌字景茂赤亭羌也
163,440,宋元嘉,,【还冤:山中报仇】张超,"张超与翟愿不和;愿为方与令,忽为人杀,咸疑是超;后翟兄子铜乌执弓持矢就山贶超,斟酌已毕:'明府昔害民叔';超无以对;铜乌即射杀之",志怪,金乡,0,5,9,明府昔害民叔
164,438,宋元嘉,,【还冤:魂语羊酒】吕庆祖,"永康人吕庆祖家甚温富;使奴教子守墅舍;元嘉中往案行,忽为人杀;族弟无期先大举庆祖饯,咸谓为害;无期赍羊酒至柩所咒:'君荼酷如此乃云是我,魂而有灵使知其人'——庆祖魂果来告,无期遂伏法",志怪,永康,0,5,9,君荼酷如此乃云是我魂而有灵使知其人
165,-100,汉,,【还冤:鹊奔亭女鬼】苏娥,"何敞为交趾刺史,行部宿鹊奔亭;夜有女子自楼下出,姓苏名娥字始珠;夫亡无兄弟,有杂缯百二十疋;同乘车,欲往旁县;亭主杀婢财,取财物;敞为杀亭主,葬娥冢",志怪,鹊奔亭,0,5,9,妾姓苏名娥字始珠
166,-80,汉,,【还冤:厘亭诉冤】王忳,"王忳为郿县令,之县宿厘亭;亭常杀人;夜有女子欲诉冤,无衣自盖;忳以衣与之;乃言:本涪令妻,过亭宿,亭长杀妾大小十余口;忳为杀亭长",志怪,厘亭,0,5,9,亭长杀妾大小十余口
167,390,晋,,【还冤:法存冤狱】支法存,"支法存本胡人,生长广州,善医术成巨富;有八㲲毯作百种形象,沈香八尺板床;王谈为广州刺史,大儿劭屡求二物不与;谈囚法存杀之;后法存魂来,谈父子皆死",志怪,广州,0,5,9,王谈为广州刺史大儿劭之屡求二物法存不与
168,330,晋,,【还冤:庾亮诛陶称】陶侃来谒,"庾亮诛陶称;后咸康五年冬节会,文武数十人忽然悉起向阶拜揖;亮惊问,并云'陶公来'——陶公是称父侃也;亮亦起迎;左右数十人皆操伏戈;陶公入,亮遂病而死",志怪,建康,0,5,9,陶公是称父侃也
169,380,晋,,【还冤:羊聃暴杀】羊聃,"羊聃(字懿彭祖)庐陵太守,刚克粗暴,睚眦之嫌辄加刑杀;杀郡将吏及民简良等二百九十人;庾亮槛送;有司奏:聃罪当死;以国姻减死;后聃病,恒见所杀者来;遂死",志怪,庐陵,0,5,9,杀郡将吏及民蕳良等二百九十人
170,200,汉末,,【还冤:道人旱杀】于吉,"孙策既定会稽,道人于吉在军中;遇天旱将士多在吉所;策怒'吾不如吉'缚吉置日中令降雨,俄顷云雨滂沱,策竟杀吉;后策照镜见吉在镜中,顾则无人,俄而遇刺",志怪,会稽,0,5,9,吾不如吉
171,345,秦,,【还冤:期射为祟】李寿,"李雄既王于蜀,其第四子期从叔李寿袭期废为邛都公,寻复杀之;寿自立;性素凶狠,猜忌仆射蔡射,遂诛之;寿病,恒见李期蔡射为祟,呕血而死",志怪,蜀,0,5,9,恒见李期蔡射为祟
172,445,宋,,【还冤:焚屋杀邻】张稗,"下邳张稗,家世冠族;邻人求其孙女为妾,稗耻而不与;邻人愤焚其屋,稗烧死;其子知情而贪财不言,嫁女与邻;后稗魂来,孙女及子俱死",志怪,下邳,0,5,9,乃焚其屋稗遂烧死
173,370,晋,,【还冤:孔基唁祸】孔基,"孔基勤学有志操;族人孔敝使其二子以基为师;敝子凶猾,基屡言之;敝亡,基赍羊酒往唁;二子犹怀忿,共杀基;后基魂来,二子俱死",志怪,会稽,0,5,9,以基为师
174,-130,汉,,【还冤:灌夫索命】田蚡,"魏其侯窦婴与灌夫相善;田蚡为丞相,构陷灌夫族诛,窦婴亦弃市;后蚡病,一身尽痛,若有击者;呼服谢罪;使视鬼者观之,见灌夫窦婴俱笞蚡;蚡死",志怪,长安,0,5,9,灌夫相引荐交结
175,412,宋,,【还冤:僧魂告天】刘毅杀牛牧寺僧,"宋高祖平桓玄后,刘毅为荆州刺史;到州杀牛牧寺僧主云藏桓家儿,并杀四道人;后夜梦僧来:'君何以枉杀贫道,已白于天帝';毅后败,果以荷惧死",志怪,荆州,0,5,9,天帝恐君亦不得久
176,433,北凉,,【还冤:昙摩谶】沮渠蒙逊,"沙门昙摩谶博达多识,蒙逊信重;魏遣李顺求之,蒙逊恡而不与;谶屡请入魏,蒙逊怒杀之;既而左右白日见谶来;蒙逊病,前后见谶,遂死",志怪,凉州,0,5,9,凉王
177,523,正光中,,尔朱荣散财招勇,"四方兵起,遂散畜牧,招合义勇,给其衣马——军阀起家",战争,秀容,0,6,10,遂散畜牧，招合义勇
178,528,武泰元年四月,,铸像卜君,"铜铸高祖及咸阳王禧等六王子孙像,成者当奉为主,惟庄帝独就",志怪,河内,1,6,10,惟庄帝独就
179,528,武泰元年四月十三日,,河阴之变(魏书版),费穆之说;引百官行宫西北云欲祭天;纵兵乱害;死者千三百余人;灵太后少主其日暴崩,政变,河阴陶渚,1,6,10,死者千三百余人
180,528,武泰元年,,铸金像四不成,"荣欲称帝铸金为己像,数四不成;刘灵助言天时人事必不可尔;愧悔还奉庄帝",志怪,河桥,1,6,10,数四不成
181,528,建义元年九月,,邺城七千破百万,葛荣众号百万列阵数十里;荣率精骑七千倍道兼行;潜军山谷;袖棒;身自陷陈出于贼后表里合击;于阵擒葛荣;数十万众一朝散尽,战争,邺城,1,6,10,率精骑七千，马皆有副
182,528,建义初,,双兔碑,军次襄垣双兔起马前;跃马弯弓誓:中之则擒葛荣;并应弦而殪;三军咸悦;破贼后立双兔碑,志怪,襄垣,0,6,10,中之则擒葛荣，不中则否
183,530,永安三年九月,,手刃尔朱荣(魏书版),帝伏兵明光殿东廊;荣从人不过数十皆挺身不持兵仗;帝先横刀膝下遂手刃之;鲁安等乱斫;荣与天穆菩提同时俱死;内外喜叫声满京城,政变,明光殿,1,6,10,从人不过数十，又皆挺身不持兵仗
184,530,永安三年,,尔朱兆入洛,兆轻兵倍道从河梁西涉渡;河边人梦神:尔朱家欲渡河用尔作垒波津令为之缩水脉;兆策马涉渡;暴风鼓怒黄尘涨天;幽帝永宁佛寺;害帝于五级寺,战争,洛阳,0,6,10,暴风鼓怒，黄尘涨天
185,507,出生时,,宇文泰之异相,母孕五月夜梦抱子升天纔不至;德皇:虽不至天贵亦极矣;生有黑气如盖下覆其身;背有黑子宛转若龙盘;面有紫光人望而敬畏,志怪,武川,0,7,11,虽不至天，贵亦极矣
186,530,关中,,箫鼓之音,太祖从数骑于野忽闻箫鼓之音;问从人皆云莫之闻——与尔朱新兴天池箫鼓同构,志怪,原州,0,7,11,忽闻箫鼓之音
187,534,河曲,,老翁预言,"贺拔岳营于河曲;军吏独行忽见老翁须眉皓素:贺拔岳虽据此众终无所成,当有一宇文家从东北来后必大盛;言讫不见;至是方验",志怪,河曲,0,7,11,当有一宇文家从东北来，后必大盛
188,534,永熙三年,,贺拔岳遇害,岳欲讨曹泥;侯莫陈悦密迩贪而无信;太祖预言:必将为患;岳不听;河曲果为悦所害;赵贵收岳尸,政变,河曲,1,7,11,岳不听，遂与悦俱讨泥。二月，至于河曲，岳果为悦所害
189,534,永熙三年,,侯景阵前退,高欢遣侯景招岳众;太祖至安定遇之:'贺拔公虽死宇文泰尚存卿何为也';景失色:'我犹箭耳随人所射',战争,安定,0,7,11,我犹箭耳，随人所射，安能自裁
190,564,河清三年,,兰陵王入阵曲,芒山之战率五百骑再入周军至金墉;免胄示面;城上弩手救;武士共歌之为兰陵王入阵曲——此曲唐传入日本雅乐至今,战争,邙山,1,2,12,免胄示之面，乃下弩手救之
191,573,武平四年五月,,兰陵王之死,帝使徐之范饮以毒药;谓妃郑氏:我忠以事上何辜于天;天颜何由可见;遂饮药薨,政变,北齐,1,2,12,何辜于天而遭鸩也
192,576,武平七年,,安德王晋阳守城,将士拥立即帝位改德昌;倾府藏赐将士;亲执手自称名流涕呜咽;童儿女子乘屋投砖;齐人奋击死者千余;周武帝左右略尽;张寿牵马贺拔佛恩鞭拂仅得出;四更周武出城饥甚欲遁;诘旦还攻克之,战争,晋阳,1,2,12,童兒女子亦乘屋攘袂，投砖石以御周军
193,576,延宗败前,,墨书预言,高都郡山绝壁临水忽有墨书:齐亡延宗;洗视逾明;使者改亡为上;至是应焉——年号德昌好事者言得二日,志怪,高都,0,2,12,齐亡延宗
194,578,周武灭齐后,,延宗殉死,周武与齐君臣饮酒令后主起舞;延宗悲不自持屡欲仰药;诬遥应穆提婆反;攘袂泣而不言;以椒塞口而死;李妃收殡,政变,长安,0,2,12,以椒塞口而死
195,576,武平七年,,段暢叛告空虚,延宗叛将段暢盛言城内空虚;周武帝驻马收兵俄倾复振——一夜之间的情报战,战争,晋阳,0,2,12,延宗叛将段暢亦盛言城内空虚
