id,name,courtesy,xiaozihao,title_label,era,birth_year,death_year,death_cause,home_region,faction,confidence,notes
1,侯景,万景,,宇宙大将军·汉帝,梁,,552,部下杀,朔方,怀朔系,0.9,"seed依据:侯景，字万景，朔方人，或云雁门人
[更新]小字狗子(宝志谶语);祖名乙羽周,父名摽
[更新]小字狗子(宝志谶语);祖名乙羽周,父名摽
[更新]小字狗子(宝志谶语);祖名乙羽周,父名摽"
2,高欢,,,齐神武帝,东魏,,547,病卒,,怀朔系,0.9,seed依据:齐神武帝为魏相，又入洛诛尔硃氏
3,高澄,,,齐文襄帝,东魏,,549,遇刺(别卷),,怀朔系,0.9,seed依据:及齐神武卒，其子澄嗣，是为文襄帝
4,尔朱荣,,,天柱将军,北魏,,530,被孝庄帝手刃(别卷),,,0.9,"seed依据:天柱将军尔硃荣自晋阳入杀胡氏
[更新]魏书:字天宝,北秀容人;洁白美容貌幼而神机明决;河阴死者千三百余人;手刃时年三十八;魏书史臣曰:非徒鼠窃狗盗;地逼贻毙"
5,葛荣,,,,北魏,,528,兵败被擒杀,,,0.9,seed依据:怀朔镇将葛荣因收集之，攻杀吐斤洛周，尽有其众，谓之“葛贼”
6,鲜于修礼,,,,北魏,,,见杀,,,0.9,seed依据:有怀朔镇兵鲜于修礼，于定州作乱
7,吐斤洛周,,,,北魏,,,被葛荣攻杀,,,0.9,seed依据:柔玄镇兵吐斤洛周，率其党与，复寇幽、冀
8,萧衍,,,梁武帝,梁,,549,忧愤感疾(饿死),,,0.9,seed依据:五月，高祖崩于文德殿
9,萧纲,,,简文帝(太宗),梁,,551,土囊压杀,,,0.9,seed依据:修纂以帊盛土加于腹，因崩焉
10,萧正德,,,临贺王(伪帝正平),梁,,,矫诏杀,,,0.9,seed依据:初，童谣有“正平”之言，故立号以应之
11,王伟,,,谋主·中书监,汉(侯),,552,烹于市,陈留,,0.9,"seed依据:王伟，陈留人。少有才学，景之表、启、书、檄，皆其所制
[更新]南史:其先略阳人,父略仕魏居颍川(梁书作陈留人);死状南史作钉舌剜肠脔肉,梁书作烹于市
[更新]南史:其先略阳人,父略仕魏居颍川(梁书作陈留人);死状南史作钉舌剜肠脔肉,梁书作烹于市
[更新]南史:其先略阳人,父略仕魏居颍川(梁书作陈留人);死状南史作钉舌剜肠脔肉,梁书作烹于市"
12,羊侃,,,军师将军,梁,,548,病卒于围城(别卷),,,0.9,"seed依据:都官尚书羊侃为军师将军以副焉
[更新]南史:字祖忻,泰山梁父人;身长七尺八寸;所用弓至二十石;魏帝谓郎官为虎试作虎状,以手抉殿没指;寒山之战频言乘其远来可击不见纳,军败结阵徐还;性豪侈善音律自造采莲棹歌两曲;围城中寻以疾卒赠侍中护军
[更新]南史:字祖忻,泰山梁父人;身长七尺八寸;所用弓至二十石;魏帝谓郎官为虎试作虎状,以手抉殿没指;寒山之战频言乘其远来可击不见纳,军败结阵徐还;性豪侈善音律自造采莲棹歌两曲;围城中寻以疾卒赠侍中护军"
13,朱异,,,中领军,梁,,549,惭愤发病卒(别卷),,,0.9,seed依据:领军硃异曰：“侯景数百叛虏，何能为役？”
14,庾信,,,建康令→文学大家,梁,,,,,,0.9,seed依据:建康令庾信率兵千余人屯航北，见景至航，命彻航，始除一舶，遂弃军走南塘
15,柳仲礼,,,司州刺史·西道都督,梁,,,,,,0.9,seed依据:司州刺史柳仲礼、衡州刺史韦粲…皆来赴援
16,韦粲,,,衡州刺史,梁,,549,青塘战死,,,0.9,"seed依据:粲拒战败绩，景斩粲首徇于城下
[更新]字长蒨,韦睿之孙、韦放之子;青塘死节年五十四,子弟从弟死者数百人;世祖追谥忠贞
[更新]字长蒨,韦睿之孙、韦放之子;青塘死节年五十四,子弟从弟死者数百人;世祖追谥忠贞"
17,萧纶,,,邵陵王,梁,,,西魏军攻杀(别卷),,,0.9,seed依据:开府仪同三司、丹阳尹、邵陵王纶持节，董督众军
18,萧绎,,,梁元帝(世祖/湘东王),梁,,554,江陵城陷土囊压杀(别卷),,,0.9,seed依据:荆州刺史湘东王绎遣世子方等…下赴京师
19,王僧辩,,,领军·大将军,梁,,,,,,0.9,"seed依据:世祖遣领军王僧辩率众东下代徐文盛
[更新]字君才,王神念子;萧绎斫其中左髯下狱而复起用;母魏氏贞敬太夫人;555 夜袭中被杀,长子頠
[更新]陈书版夜袭:高祖因风纵火,僧辩穷迫乃就擒,是夜缢僧辩及頠(与梁书'尔夜斩之'互见)
[更新]陈书版夜袭:高祖因风纵火,僧辩穷迫乃就擒,是夜缢僧辩及頠(与梁书'尔夜斩之'互见)"
20,慕容绍宗,,,大将军,东魏,,549,涡阳后坠水死(别卷),,,0.9,seed依据:齐文襄遣大将军慕容绍宗围景于长社
21,萧渊明,,,贞阳侯,梁,,,,,,0.9,seed依据:豫州刺史贞阳侯渊明督众军围彭城，兵败没于魏
22,羊鸦仁,,,豫司二州刺史,梁,,,,,,0.9,seed依据:司州刺史羊鸦仁俱累启称景有异志
23,宋子仙,,,司徒,汉(侯),,,郢州兵败被杀,,,0.9,seed依据:遣宋子仙率轻骑三百袭陷之，执刺史方诸
24,任约,,,司空,汉(侯),,551,赤亭被擒,,,0.9,"seed依据:约至与战，大破之，生擒约
[更新]被擒后与徐文盛同禁,有门外马迹之对"
25,侯子鉴,,,南兖州刺史,汉(侯),,,,,,0.9,seed依据:景以侯子鉴为南兖州刺史
26,羊鲲,,,前太子舍人,梁,,,,,,0.9,"seed依据:至壶豆洲，前太子舍人羊鲲杀之
[更新]南史作第三子'从'字子鹏(羊从/羊鹍/羊鲲异写);杀景全过程在此传最详
[更新]南史作第三子'从'字子鹏(羊从/羊鹍/羊鲲异写);杀景全过程在此传最详"
27,陶弘景,,,华阳隐居,梁,,536,尸解(传说),丹阳,,0.9,seed依据:丹阳陶弘景隐于华阳山，博学多识，尝为诗曰：“夷甫任散诞，平叔坐谈空。不意昭阳殿，化作单于宫。”
28,释宝志,,,宝志禅师,梁,,,,,,0.9,seed依据:天监中，有释宝志曰：“掘尾狗子自发狂，当死未死啮人伤”
29,韦黯,,,监州,梁,,,,,,0.9,seed依据:奔寿春，监州韦黯纳之
30,庄铁,,,历阳太守,梁,,,,,,0.9,seed依据:历阳太守庄铁遣弟均率数百人夜斫景营，不克，均战没，铁又降之
31,王质,,,太子家令,梁,,,,,,0.9,seed依据:遣太子家令王质率兵三千巡江遏防
32,柳津,,,左卫将军,梁,,,,,,0.9,seed依据:左卫将军柳津出西华门下，景出其栅门，与津遥相对，刑牲歃血
33,萧栋,,,豫章王(傀儡帝天正),汉(侯),,,,,,0.9,seed依据:景迎豫章王栋即皇帝位，升太极前殿，大赦天下，改元为天正元年
34,谢答仁,,,仪同,汉(侯),,,,,,0.9,seed依据:遣仪同田迁、谢答仁等将兵东征神茂
35,赵伯超,,,东道行台,汉(侯)→降,,,,,,0.9,seed依据:景以赵伯超为东道行台，镇钱塘
36,刘神茂,,,马头太守→司空→归顺,梁,,,,,,0.9,seed依据:刘神茂、尹思合、刘归义、王晔…据东阳归顺
37,丁和,,,行台郎中→郢州刺史,汉(侯),,,,,,0.9,seed依据:乃遣其行台郎中丁和来上表请降
38,陆法和,,,居士(术士将军),梁,,,,,,0.9,seed依据:僧祐与居士陆法和退据赤亭以待之
39,胡僧祐,,,平北将军,梁,,,,,,0.9,seed依据:世祖遣平北将军胡僧祐率兵二千人救巴陵
40,徐文盛,,,卫军将军,梁,,,,,,0.9,seed依据:遣卫军将军徐文盛率众军下武昌，拒约
41,萧会理,,,南康嗣王,梁,,,谋袭景事泄被害,,,0.9,seed依据:南康王会理及北兗州司马成钦等将袭之…景遣收会理…并害之
42,郭元建,,,太尉·北道行台,汉(侯),,,,,,0.9,seed依据:景以仪同郭元建为尚书仆射、北道行台、总江北诸军事
43,范桃棒,,,仪同,汉(侯),,,送款事泄见杀,,,0.9,seed依据:景仪同范桃棒密遣使送款乞降，会事泄见杀
44,元贞,,,咸阳王(拟立魏主),梁,,,,,,0.9,seed依据:诏遣太子舍人元贞为咸阳王，须渡江，许即伪位
45,萧范,,,鄱阳王,梁,,549,合肥忧死(别卷),,,0.9,seed依据:鄱阳王范镇合肥，及司州刺史羊鸦仁俱累启称景有异志
46,萧大心,,,寻阳王·江州刺史,梁,,,,,,0.9,seed依据:任约进军袭江州，江州刺史寻阳王大心降之
47,张嵊,,,吴兴太守,梁,,,执送京师并杀之,,,0.9,seed依据:破吴兴，执太守张嵊父子送京师，景并杀之
48,戴僧易,,,新城戍主,梁,,,降,,,0.9,seed依据:新城戍主戴僧易据县拒之
49,祖皓,,,前江都令,梁,,550,车裂,,,0.9,seed依据:前江都令祖皓起兵于广陵，斩景刺史董绍先
50,僧通,,,狂僧(预言者),梁,,,,,,0.9,seed依据:有僧通道人者，意性若狂，饮酒啖肉…景甚信敬之
51,萧大器,,,宣城王(哀太子),梁,,,别卷遇害,,,0.9,seed依据:请割江右四州之地，并求宣城王大器出送
52,樊文皎,,,天门太守,梁,,,战死,,,0.9,seed依据:天门太守樊文皎下赴京师，营于湘子岸前
53,柳敬礼,,,护军将军,梁,,,与会理同被害,,,0.9,seed依据:景遣收会理与其弟祈阳侯通理、柳敬礼、成钦等，并害之
54,于子悦,,,仪同,汉(侯),,,还京诛之,,,0.9,seed依据:收于子悦、张大黑，还京诛之
55,王克,,,太师(被迫),汉(侯),,,,,,0.9,seed依据:景以王克为太师
56,彭俊,,,卫尉,汉(侯),,,,,,0.9,seed依据:景遣其卫尉彭俊、王修纂奉酒于太宗
57,王修纂,,,弑君执行者,汉(侯),,,,,,0.9,seed依据:修纂以帊盛土加于腹，因崩焉
58,殷不害,,,舍人,梁,,,,,,0.9,seed依据:惟舍人殷不害后稍得入，太宗指所居殿谓之曰：“庞涓当死此下。”
59,侯瑱,,,领军麾下将,梁,,,,,,0.9,seed依据:王僧辩遣侯瑱率军追景
60,元罗,,,西秦王·太傅,汉(侯),,,,,,0.9,seed依据:封元罗为西秦王
61,谢举,,,尚书仆射,梁,,,,,,0.9,seed依据:尚书仆射谢举及百辟等议，皆云纳侯景非宜
62,萧大连,,,临成公·东扬州刺史,梁,,,,,,0.9,seed依据:东扬州刺史临成公大连据州
63,萧嗣,,,鄱阳世子,梁,,551,晋熙被杀,,,0.9,seed依据:任约、卢晖略攻晋熙郡，杀鄱阳世子嗣
64,裴之高,,,东道都督,梁,,,,,,0.9,seed依据:通直散骑常侍裴之高为东道都督
65,周石珍,,,制局监,梁,,,,,,0.9,seed依据:高祖问制局监周石珍曰：“是何物人？”
66,沈浚,,,御史中丞,梁,,,,,,0.9,seed依据:遣御史中丞沈浚至景所，景无去意，浚固责之
67,傅岐,,,中领军,梁,,,,,,0.9,seed依据:中领军傅岐议以宣城王嫡嗣之重，不容许之
68,董绍先,,,南兖州刺史,汉(侯),,550,祖皓斩之,,,0.9,seed依据:助防董绍先开城降之，执刺史豊城侯泰
69,文成侯宁,,,淮南太守,梁,,550,兵败被斩,,,0.9,seed依据:文成侯宁于吴西乡起兵…击破之，斩宁，传首于景
70,田迁,,,仪同,汉(侯),,,,,,0.9,seed依据:景遣仪同田迁、赵伯超、谢答仁等东伐彪
71,张彪,,,会稽义军首领,梁,,,,,,0.9,seed依据:张彪起义于会稽，攻破上虞
72,鲍泉,,,郢州行事,梁,,,与方诸同被执,,,0.9,seed依据:执刺史方诸、行事鲍泉
73,萧方诸,,,郢州刺史(世祖子),梁,,,轻骑袭执,,,0.9,seed依据:遣宋子仙率轻骑三百袭陷之，执刺史方诸
74,史安和,,,仪同,汉(侯),,,,,,0.9,seed依据:景遣史安和、宋长贵等率兵二千，助子鉴守姑孰
75,卢晖略,,,仪同,汉(侯),,,,,,0.9,seed依据:景使其仪同卢晖略率数千人，持长刀夹城门
76,王僧贵,,,厢公(侯景党),汉(侯),,,,,,0.9,seed依据:谓厢公王僧贵曰：“吾常据鞍对敌”
77,谢禧,,,轻车长史,梁,,,,,,0.9,seed依据:轻车长史谢禧守白下…谢禧亦弃白下城走
78,萧推,,,南浦侯,梁,,549,东府城遇害,,,0.9,seed依据:南浦侯推是日遇害
79,霍俊,,,广陵令,梁,,,,,,0.9,seed依据:俊独云“王小失利，已全军还京口，城中但坚守，援军寻至”…景义而释之
80,刘邈,,,说客,汉(侯),,,,,,0.9,seed依据:彭城刘邈说景曰：“大将军顿兵已久…未若乞和，全师而返，此计之上者。”
81,索超世,,,尚书右仆射,汉(侯),,,,,,0.9,seed依据:王伟为尚书左仆射，索超世为尚书右仆射
82,袁君正,,,吴郡太守,梁,,,,,,0.9,seed依据:吴郡太守袁君正迎降
83,宋嶷,,,材官将军,梁→汉(侯),,,降贼献计后不详,,,0.9,seed依据:材官将军宋嶷降贼，因为立计，引玄武湖水灌台城
84,娄昭君,,,高欢妃(娄氏),东魏,,,,,,0.85,seed依据:欢以告其妃娄氏，曰：“彼若得泰，亦将不归。得泰失景，于事奚益。”欢乃止
85,斛律光,,,裨将(落雕都督前身),东魏,,,,,,0.85,seed依据:裨将斛律光尤之，绍宗曰：“吾战多矣，未见此贼之难也。尔其当之。”
86,暴显,,,景将,汉(侯),,,,,,0.85,seed依据:其将暴显等各率所部降绍宗
87,蔡道遵,,,景将,汉(侯),,,,,,0.85,seed依据:时景将蔡道遵北归，言景有悔过志
88,徐思玉,,,豫州司马,汉(侯),,,,,,0.85,seed依据:乃遣豫州司马徐思玉夜入说之，黯乃开门纳景
89,贺季,,,中书舍人,梁,,,留不遣,,,0.85,seed依据:帝遣中书舍人贺季、主书郭宝亮随思玉往劳之于板桥
90,郭宝亮,,,主书,梁,,,,,,0.85,seed依据:帝遣中书舍人贺季、主书郭宝亮随思玉往劳之于板桥
91,萧坚,,,邵陵世子,梁,,,城陷力战不能却,,,0.85,seed依据:邵陵王世子坚帐内白昙朗、董勋华于城西北楼纳贼
92,白昙朗,,,帐内(内应),汉(侯),,,,,,0.85,seed依据:邵陵王世子坚帐内白昙朗、董勋华于城西北楼纳贼
93,董勋华,,,帐内(内应),汉(侯),,,,,,0.85,seed依据:邵陵王世子坚帐内白昙朗、董勋华于城西北楼纳贼
94,羊车儿,,,献计者,梁,,,,,,0.85,seed依据:有羊车儿献计，作纸鸦系以长绳，藏敕于中
95,萧贲,,,中记室参军(骨鲠士),梁,,,因事害之,,,0.85,seed依据:贲，骨鲠士也，每恨湘东不入援
96,宗懔,,,御史中丞,梁,,,,,,0.85,seed依据:元帝闻之，谓御史中丞宗懔曰：“贼若分守巴陵，鼓行西上，荆、郢殆危，此上策也
97,裴之横,,,将,梁,,,追贼于东,,,0.85,"seed依据:王克开台城门引裴之横入宫，纵兵蹂掠
[更新]555 东关拒贞阳侯与高涣,败绩死"
99,王琳,,,军人(后? 王琳军),梁,,,,,,0.85,"seed依据:才度淮，王琳、杜龛军人掠之，甚于寇贼
[更新]江陵陷后入齐,齐遣镇寿春图江左;陈平淮南执琳杀之;僧辩长子頠闻其死一恸而绝"
100,杜龛,,,军人,梁,,,,,,0.85,"seed依据:才度淮，王琳、杜龛军人掠之，甚于寇贼
[更新]杜掞第二兄岑之子;王僧辩之婿;僧辩死后据吴兴拒陈,降而遇害"
101,虞骘,,,前尚书左丞,梁,,,,,,0.85,seed依据:前尚书左丞虞骘尝见辱于伟，遇之而唾其面
102,李瞻,,,东阳起兵者,梁,,,剖心腹,,,0.85,seed依据:东阳人李瞻起兵，为贼所执，送诣建邺
103,严亶,,,内监,汉(侯),,,夷三族,,,0.85,seed依据:内监严亶、邵陵王记室伏知命，此四人尽心竭力者
104,伏知命,,,邵陵王记室,汉(侯),,,饿死江陵狱,,,0.85,seed依据:邵陵王记室伏知命，此四人尽心竭力者
105,周弘正,,,太常,汉(侯),,,,,,0.85,"seed依据:故改周弘正、石珍姓姬焉
[更新]僧辩迎贞阳时遣其至历阳奉迎"
106,元景袭,,,陈留王,汉(侯),,,,,,0.85,seed依据:封元罗为西秦王，元景袭为陈留王
107,黄公喜,,,直渎戍主,梁,,,,,,0.85,seed依据:直渎戍主黄公喜禽送之
108,鲁伯和,,,桃棒军人(告密者),汉(侯),,,,,,0.85,seed依据:俄而桃棒军人鲁伯和告景，并烹之
109,陈昕,,,白马游军主,梁,,,,,,0.85,seed依据:遣文德主帅前白马游军主陈昕夜踰城入
110,萧大成,,,新淦公,梁,,,,,,0.85,seed依据:邵陵王纶率西丰公大春、新淦公大成、永安侯确
111,邓仲,,,文德主帅,汉(侯),,,,,,0.85,seed依据:景又请以文德主帅邓仲为城门校尉
112,郭凤,,,潼州刺史,东魏,,,,,,0.85,seed依据:绍宗攻潼州，刺史郭凤弃城走
113,庄铁母,,,历阳太守之母,梁,,,,,,0.85,seed依据:铁母爱其子，劝铁降。景拜其母
114,江子一,元贞,,南津校尉(谥义子),梁,,548,承明门死战,济阳考城,,0.85,seed依据:江子一，字元贞，济阳考城人
115,江子四,,,尚书右丞(谥毅子),梁,,548,与兄同死,,,0.85,seed依据:前尚书右丞江子四
116,江子五,,,东宫直殿主帅(谥烈子),梁,,548,与兄同死,,,0.85,seed依据:东宫直殿主帅子五
117,刘孝仪,,,豫章内史,梁,,,,,,0.85,seed依据:粲即就内史刘孝仪共谋之
118,柳昕,,,中兵,梁,,,,,,0.85,seed依据:遣中兵柳昕帅兵二千人随粲
119,刘叔胤,,,直阁将军,梁,,,,,,0.85,seed依据:乃使直阁将军刘叔胤师助粲
120,王长茂,,,军副,梁,,,,,,0.85,seed依据:军副王长茂劝据栅待之
121,郑逸,,,军主,梁,,,,,,0.85,seed依据:令军主郑逸逆击之
122,韦臧,,,粲长子,梁,,,据豫章为部下所害,,,0.85,seed依据:粲长子臧，字君理
123,董桃生,,,江子一副将,梁,,,,,,0.85,seed依据:其副董桃生家在江北，因与其党散走
124,王雄,,,军主,梁,,,,,,0.85,seed依据:仍遣军主王雄等帅兵于鳢渎逆击之
125,范智朗,,,军主,梁,,,,,,0.85,seed依据:嵊遣军主范智朗出郡西拒战
126,张伊,,,嵊弟,梁,,,,,,0.85,seed依据:嵊遣弟伊率郡兵数千人赴援
127,陈霸先,兴国,,陈武帝(高祖),陈,,559,病卒,吴兴长城,岭南-吴兴寒门,0.85,"seed依据:陈霸先率众五万，出自南江，前军五千，行至湓口
[更新]陈书:字兴国,小字法生;吴兴长城下若里人;身长七尺五寸日角龙颜垂手过膝;永定三年崩于璿玑殿年五十七;姚察评:汉高魏武之亚
[更新]陈书:字兴国,小字法生;吴兴长城下若里人;身长七尺五寸日角龙颜垂手过膝;永定三年崩于璿玑殿年五十七;姚察评:汉高魏武之亚"
128,王神念,,,右卫将军(僧辩父),梁,,,,,,0.85,seed依据:王僧辩，字君才，右卫将军神念之子也
129,王頠,,,僧辩长子,梁,,,闻王琳死登冢一恸而绝,,,0.85,seed依据:长子頠，承圣初历官至侍中
130,魏氏,,,贞敬太夫人(僧辩母),梁,,,,,,0.85,seed依据:夫人姓魏氏
131,萧方等,,,贞惠世子(湘东世子),梁,,549,战死(别卷),,,0.85,seed依据:时贞惠世子有宠于世祖，军国大事多关领焉
132,陈蒨,,,临川王(后陈文帝),陈,,,,,,0.85,seed依据:遣军副杜泰攻陈蒨于长城，反为蒨所败
133,周文育,,,将,陈,,,,,,0.85,seed依据:霸先乃遣将周文育讨龛
134,陆纳,,,湘州(以王琳为辞而反),梁,,,,,,0.85,seed依据:初，陆纳阻兵内逆，以王琳为辞
135,李贤明,,,贼将(直趋僧辩),汉(侯),,,被斩,,,0.85,seed依据:李贤明乘铠马，从者十骑，大呼冲突，僧辩尚据胡床，不为之动
136,石氏,,,文盛妻(在景手中),汉(侯),,,,,,0.85,seed依据:文盛妻石氏，先在建鄴，至是，景载以还之
137,杜掞,,,车骑将军(谥武),梁,,,,京兆杜陵,,0.85,seed依据:杜掞，京兆杜陵人也
138,杜岸,,,北梁州刺史,梁,,,袭襄阳不克遇害,,,0.85,"seed依据:岸，字公衡。少有武干，好从横之术
[更新]观我生赋注:襄阳杜岸兄弟怨其见劫,率兵八千夜降(萧詧)——岳阳于是遁走解湘州之围"
139,杜幼安,,,西荆州刺史,梁,,,降景被杀(多反覆),,,0.85,seed依据:幼安遂降于景。景杀之，以其多反覆故也
140,阴子春,幼文,,侍中,梁,,,,武威姑臧,,0.85,seed依据:阴子春，字幼文，武威姑臧人也
141,阴智伯,,,梁秦二州刺史(子春父),梁,,,,,,0.85,seed依据:父智伯，与高祖邻居，少相友善
142,支化仁,,,鲁山城主(景骑将),汉(侯),,,,,,0.85,seed依据:鲁山城主支化仁，景之骑将也
143,宋遥,,,水军主,梁,,,,,,0.85,seed依据:水军主宋遥率楼船，暗江四面云合
144,尹悦,,,护军将军,梁,,,,,,0.85,seed依据:世祖又命护军将军尹悦
145,王珣,,,巴州刺史,梁,,,,,,0.85,seed依据:巴州刺史王珣等会之
146,杜泰,,,杜龛军副,梁,,,,,,0.85,seed依据:遣军副杜泰攻陈蒨于长城
147,淳于量,,,巴州刺史,梁,,,,,,0.85,seed依据:率巴州刺史淳于量
148,徐嗣徽,,,罗州刺史,梁,,,,,,0.85,seed依据:世祖乃命罗州刺史徐嗣徽
149,高涣,,,上党王(齐),北齐,,,,,,0.85,seed依据:便诏上党王涣总摄群将
150,陈达,,,长城令(南迁始祖),东晋,,,,,,0.85,seed依据:此地山川秀丽，当有王者兴，二百年后，我子孙必钟斯运
151,萧映,,,新喻侯·广州刺史,梁,,537,卒于官,,,0.85,seed依据:新喻侯萧映为吴兴太守，甚重高祖，尝目高祖谓僚佐曰：“此人方将远大。”
152,李贲,,,交州反者(号越帝),梁,,,窜屈獠洞被斩传首,,,0.85,seed依据:土人李贲连结数州豪杰同时反
153,杜天合,,,卢子略部主帅,梁,,,中流矢死,,,0.85,seed依据:其主帅杜天合、杜僧明共举兵
154,杨蒨,,,交州刺史,梁,,,,,,0.85,seed依据:与刺史杨蒨南讨
155,萧勃,,,定州/广州刺史,梁,,557,举兵败,,,0.85,seed依据:是时萧勃为定州刺史，于西江相会
156,欧阳頠,,,临贺内史→司空,梁→陈,,,,,,0.85,seed依据:是时临贺内史欧阳頠监衡州
157,兰裕,,,煽诱始兴十郡者,梁,,,,,,0.85,seed依据:兰裕、兰京礼扇诱始兴等十郡
158,钟休悦,,,萧勃腹心说客,梁,,,,,,0.85,seed依据:萧勃闻之，遣钟休悦说高祖曰
159,蔡路养,,,据南康起兵者,梁,,,,,,0.85,seed依据:时蔡路养起兵据南康
160,谭世远,,,曲江令,梁,,,,,,0.85,seed依据:勃遣腹心谭世远为曲江令
161,杜平虏,,,李迁仕主帅,梁,,,,,,0.85,seed依据:遣主帅杜平虏率千人入赣石、鱼梁
162,刘蔼,,,宁都人(资迁仕兵仗),梁,,,,,,0.85,seed依据:时宁都人刘蔼等资迁仕舟舰兵仗
163,沈衮,,,兼长史,梁,,,,,,0.85,seed依据:高祖遣兼长史沈衮奉表于江陵劝进
164,江元礼,,,中记室参军,梁,,,,,,0.85,seed依据:遣中记室参军江元礼以事表江陵
165,张黑,,,侯景芜湖城主,汉(侯),,,,,,0.85,seed依据:侯景城主张黑弃城走
166,徐度,,,领军将军,陈,,,,,,0.85,seed依据:高祖遣徐度领弩手二千横截其后
167,侯安都,,,司空(陈名将),陈,,,,,,0.85,seed依据:侯安都、张亻思等率千余人来附
168,周铁虎,,,舟师将,陈,,,,,,0.85,seed依据:周铁虎率舟师断齐运输
169,韦载,,,义兴太守,梁,,,,,,0.85,seed依据:震州刺史杜龛据吴兴，与义兴太守韦载同举兵反
170,杜棱,,,石州刺史,陈,,,,,,0.85,seed依据:留高州刺史侯安都、石州刺史杜棱宿卫台省
171,柳达摩,,,齐淮州刺史,北齐,,,,,,0.85,seed依据:达摩遣使侯子钦、刘仕荣等诣高祖请和
172,萧轨,,,齐水军仪同,北齐,,556,被俘伏诛,,,0.85,seed依据:齐遣水军仪同萧轨、厍狄伏连、尧难宗、东方老
173,东方老,,,齐将,北齐,,556,被俘伏诛,,,0.85,seed依据:东方老、侍中裴英起
174,萧方智,,,晋安王→梁敬帝,梁,,,,,,0.85,seed依据:高祖与王僧辩等进启江州，请晋安王以太宰承制
175,章要儿,,,皇后(章氏),陈,,,,,,0.85,seed依据:遣兼侍中谒者仆射陆缮策拜长城县夫人章氏为义兴国夫人
176,陈顼,,,始兴王(后陈宣帝),陈,,,,,,0.85,seed依据:兄子梁中书侍郎顼袭封始兴王
177,陈道谭,,,"始兴郡王(追封,文帝父)",梁,,,,,,0.85,seed依据:追赠皇兄梁故散骑常侍、平北将军、兗州刺史长城县公道谭
178,熊昙朗,,,北江州刺史(杀周文育),陈,,,,,,0.85,seed依据:北江州刺史熊昙朗杀都督周文育于军，举兵反
179,萧庄,,,永嘉王(王琳所立),后梁? ,,,,,,0.85,seed依据:王琳立梁永嘉王萧庄于郢州
180,吴明彻,,,安南将军,陈,,,,,,0.85,seed依据:南兗州刺史吴明彻进号安南将军
181,沈泰,,,南豫州刺史(奔齐),陈,,,,,,0.85,seed依据:南豫州刺史沈泰奔于齐
182,周迪,,,江州刺史,陈,,,,,,0.85,seed依据:江州刺史周迪擒王琳将李孝钦、樊猛、余孝顷于工塘
183,余孝顷,,,南江州刺史,梁→陈,,,,,,0.85,seed依据:南江州刺史余孝顷起兵应勃
184,慧志,,,摄山庆云寺沙门(佛牙传人),梁,,,,,,0.85,seed依据:慧志密送于高祖，至是乃出
185,法献,,,齐故僧统(佛牙原主),齐,,,,,,0.85,seed依据:初，齐故僧统法献于乌缠国得之
186,李迁仕,,,补录,梁,,,,,,0.85,seed依据:见本批关系条目
187,杜僧明,,,补录,梁,,,,,,0.85,seed依据:见本批关系条目
188,辛术,,,补录,梁,,,,,,0.85,seed依据:见本批关系条目
189,羊祉,,,侃父(北史有传),北魏,,,,,,0.85,seed依据:父祉，北史有传
190,羊敦,,,兖州刺史(侃从兄),北魏,,,,,,0.85,seed依据:其从兄兖州刺史敦密知之，据州拒侃
191,于晖,,,魏仆射,北魏,,,,,,0.85,seed依据:令仆射于晖率众十万及高欢、尔朱阳都等相继而至
192,萧宝寅,,,魏将(伐羌),北魏,,,,,,0.85,seed依据:侃为偏将，隶萧宝寅往讨之
193,莫折天生,,,秦州羌将,北魏,,,被侃射杀,,,0.85,seed依据:仍遣其弟天生攻陷岐州，寇雍州
194,羊鷟,,,侃长子(被执),梁,,,,,,0.85,seed依据:侃长子鷟为景所获，执来城下示侃
195,羊球,,,嗣子,梁,,,,,,0.85,seed依据:子球嗣
196,傅士哲,,,景仪同(说客),汉(侯),,,,,,0.85,seed依据:景遣仪同傅士哲呼侃与语
197,兰钦,,,左卫将军,梁,,,,,,0.85,seed依据:左卫兰钦同侍宫宴，词色少交
198,张僧胤,,,宦者,梁,,,,,,0.85,seed依据:宦者张僧胤尝候侃
199,何敬容,,,尚书令,梁,,,,,,0.85,seed依据:尚书令何敬容用事，与之并省，未尝游造
200,张净琬,,,舞人(掌上舞),梁,,,,,,0.85,seed依据:舞人张净琬腰围一尺六寸，时人咸推能掌上舞
201,孙荆玉,,,舞人(反腰帖地),梁,,,,,,0.85,seed依据:又有孙荆玉能反腰帖地，衔得席上玉簪
202,陆太喜,,,弹筝人,梁,,,,,,0.85,seed依据:有弹筝人陆太喜着鹿角爪，长七寸
203,张孺才,,,客(失火七十艘),梁,,,,,,0.85,seed依据:有客张孺才者，醉于船中失火
204,阳斐,,,魏使(侃同学),东魏,,,,,,0.85,seed依据:魏使阳斐与侃在北尝同学
206,王元礼,,,景之昵,汉(侯),,,,,,0.85,seed依据:从与王元礼、谢答仁弟葳蕤，并景之昵也
207,谢葳蕤,,,谢答仁弟(景之昵),汉(侯),,,,,,0.85,seed依据:谢答仁弟葳蕤，并景之昵也
208,颜之推,介,,黄门侍郎·三为亡国之人,梁→齐→周→隋,,,,琅邪临沂,,0.85,"seed依据:颜之推，字介，琅邪临沂人也
[更新]字介,琅邪临沂人;九世祖颜含随晋元东渡;年十九释褐湘东国右常侍;郢州陷被囚送建业赖王则救;周破江陵俘入关;黄河暴涨率妻子砥柱一夜奔齐;三为亡国之人(梁/北齐/北周终仕隋);撰观我生赋+家训二十篇;隋开皇中以疾终"
209,颜勰,,,湘东王镇西府咨议(之推父),梁,,,,,,0.85,seed依据:父勰，梁湘东王绎镇西府咨议参军
210,王则,,,侯景行台郎中(之推恩人),汉(侯),,,,,,0.85,seed依据:赖其行台郎中王则以获免
211,李显庆,,,周大将军,北周,,,,,,0.85,seed依据:大将军李显庆重之，荐往弘农
212,邓长颙,,,宦者侍中,北齐,,,,,,0.85,seed依据:之推因宦者侍中邓长颙进奔陈之策
213,高阿那肱,,,丞相,北齐,,,,,,0.85,seed依据:以告丞相高阿那肱等
214,祖珽,,,仆射(祖孝征),北齐,,,,,,0.85,seed依据:大为祖珽所重，令掌知馆事
215,崔季舒,,,侍中(谏诛),北齐,,573,以谏诛,,,0.85,seed依据:故侍中崔季舒等六人以谏诛
216,颜思鲁,,,之推长子,北齐→隋,,,,,,0.85,seed依据:长曰思鲁，次曰敏楚，不忘本也
217,颜敏楚,,,之推次子,北齐→隋,,,,,,0.85,seed依据:次曰敏楚
218,李穆叔,,,赵郡占者(调妙天文),北齐,,,,,,0.85,seed依据:赵郡李穆叔调妙占天文算术，齐初践祚计止于二十八年
219,虞预,,,郢州司马(儒生领城防),梁,,,,,,0.85,seed依据:以虞预为郢州司马，领城防事
220,褚显族,,,河东府将,梁,,,,,,0.85,seed依据:河东府褚显族据投岳阳
221,谢挺,,,梁武聘使,梁,,,,,,0.85,seed依据:梁武聘使谢挺、徐陵始得还南
222,阳休之,,,仆射(文林馆),北齐,,,,,,0.85,seed依据:署文林馆待诏者仆射阳休之、祖孝征以下三十余人
223,萧誉,,,河东王(昭明子),梁,,550,与萧绎互攻城破被杀,,,0.85,seed依据:湘州刺史河东王誉、雍州刺史岳阳王并隶荆州都督府
224,萧詧,,,岳阳王(后梁宣帝),梁→后梁,,,,,,0.85,seed依据:雍州刺史岳阳王并隶荆州都督府
225,高洋,,,齐文宣帝(显祖),北齐,,559,酒精中毒,,,0.85,seed依据:显祖见而悦之，即除奉朝请，引于内馆中
226,尔朱羽健,,,领民酋长(荣高祖),北魏,,,,,,0.85,seed依据:高祖羽健，登国初为领民酋长
227,尔朱新兴,,,秀容第一领民酋长(荣父),北魏,,520,正光中卒年七十四,,,0.85,seed依据:父新兴，太和中，继为酋长
228,尔朱菩提,,,荣长子(骠骑大将军),北魏,,530,与荣同时被杀年十四,,,0.85,seed依据:死时年十四
229,元天穆,,,太宰,北魏,,530,与荣同时被杀,,,0.85,seed依据:坐定，光禄少卿鲁安、典御李侃晞等抽刀而至
230,费穆,,,武卫将军(河阴之说者),北魏,,,,,,0.85,seed依据:荣惑武卫将军费穆之说
231,郑俨,,,灵太后宠臣,北魏,,,,,,0.85,seed依据:谓郑俨、徐纥为之
232,徐纥,,,灵太后宠臣,北魏,,,,,,0.85,seed依据:谓郑俨、徐纥为之
233,刘灵助,,,幽州卜者,北魏,,,,,,0.85,seed依据:幽州人刘灵助善卜占，为荣所信
234,司马子如,,,荣外兵参军,北魏,,,,,,0.85,seed依据:荣外兵参军司马子如等切谏
235,元颢,,,北海王(降梁返魏),北魏→梁,,529,兵败南奔被杀,,,0.85,seed依据:北海王元颢南奔萧衍，衍乃立为魏主
236,尔朱天光,,,雍州刺史(荣从子),北魏,,,,,,0.85,seed依据:荣遣其从子天光为雍州刺史
237,贺拔岳,,,都督(武川),北魏,,534,被侯莫陈悦诱杀,,,0.85,seed依据:令率都督贺拔岳、侯莫、陈悦等总众入关讨之
238,侯莫陈悦,,,都督(秦州),北魏,,,,,,0.85,seed依据:令率都督贺拔岳、侯莫、陈悦等总众入关讨之
239,元徽,,,城阳王(构陷者),北魏,,531,尔朱兆入洛后被害,,,0.85,seed依据:城阳王徽、侍中李彧等欲擅威权
240,李彧,,,侍中(构陷者),北魏,,,,,,0.85,seed依据:城阳王徽、侍中李彧等欲擅威权
241,尔朱兆,万仁,,荣从子(汾州刺史),北魏,,533,自缢赤谺岭,,,0.85,seed依据:尔朱兆，字万仁，荣从子也
242,尔朱世隆,,,荣从弟(洛阳),北魏,,,,,,0.85,seed依据:与从弟世隆密议废立
243,鲁安,,,光禄少卿(弑荣者),北魏,,,,,,0.85,seed依据:光禄少卿鲁安、典御李侃晞等抽刀而至
244,李侃晞,,,典御(弑荣者),北魏,,,,,,0.85,seed依据:光禄少卿鲁安、典御李侃晞等抽刀而至
245,李神俊,,,吏部尚书,北魏,,,,,,0.85,seed依据:吏部尚书李神俊以阶悬不奉
246,杨侃,,,黄门郎,北魏,,,,,,0.85,seed依据:黄门郎杨侃、高道穆等并谓大军若还
247,元劭,,,彭城王(庄帝兄),北魏,,,,,,0.85,seed依据:帝与兄彭城王劭、弟始平王子正于高渚潜渡以赴之
248,元子正,,,始平王(庄帝弟),北魏,,,,,,0.85,seed依据:帝与兄彭城王劭、弟始平王子正于高渚潜渡以赴之
249,万俟丑奴,,,贼帅,北魏,,,被天光擒送阙,,,0.85,seed依据:贼帅万俟丑奴、萧宝夤拥众豳泾
250,萧宝夤,,,齐宗室降魏,北魏,,,被天光擒送阙,,,0.85,seed依据:贼帅万俟丑奴、萧宝夤拥众豳泾
251,尔朱彦伯,,,荣从弟,北魏,,,,,,0.85,seed依据:尔朱兆　尔朱彦伯　尔朱度律　尔朱天光
252,尔朱度律,,,荣从弟,北魏,,,,,,0.85,seed依据:尔朱兆　尔朱彦伯　尔朱度律　尔朱天光
253,源子恭,,,大都督,北魏,,,,,,0.85,seed依据:大都督源子恭下都督史仵龙开垒降兆
254,孙腾,,,高欢长史,东魏,,,,,,0.85,seed依据:谓长史孙腾曰
255,韩娄,,,葛荣枝党,北魏,,,被侯渊讨斩,,,0.85,seed依据:葛荣枝党韩娄仍据幽平二州
256,孝庄帝,子攸,,魏庄帝,北魏,,530,尔朱兆缢于三级佛寺,,,0.85,seed依据:帝与兄彭城王劭、弟始平王子正于高渚潜渡以赴之
257,尔朱羽生,,,补录,北魏,,,,,,0.85,seed依据:见本批关系
258,宇文泰,黑獭,,周太祖文皇帝,西魏,,556,病卒,代武川,武川系,0.85,"seed依据:太祖文皇帝姓宇文氏，讳泰，字黑獭，代武川人也
[更新]周书:字黑獭,代武川人;身长八尺方颡广额美须髯;发长委地垂手过膝背有黑子宛转若龙盘之形面有紫光;母孕五月夜梦抱子升天纔不至而止,寤告德皇:虽不至天贵亦极矣;生有黑气如盖下覆其身"
259,宇文肱,,,德皇帝(追尊),北魏,,,殁于阵,,,0.85,seed依据:后为定州军所破，殁于阵。武成初，追尊曰德皇帝
260,宇文洛生,,,太祖第三兄,北魏,,,被尔朱荣诛,,,0.85,seed依据:诛太祖第三兄洛生
261,赵贵,,,大都督(八柱国),西魏,,,,,,0.85,seed依据:唯大都督赵贵率部曲收岳尸还营
262,寇洛,,,都督(年最长),西魏,,,,,,0.85,seed依据:诸将以都督寇洛年最长，相与推洛以总兵事
263,赫连达,,,都督(驰告者),西魏,,,,,,0.85,seed依据:乃命赫连达驰至夏州
264,弥姐元进,,,都督(密图者),西魏,,,事发被斩,,,0.85,seed依据:都督弥姐元进规欲应悦，密图太祖。事发，斩之
265,侯莫陈崇,,,都督(原州),西魏,,,,,,0.85,seed依据:太祖遣都督侯莫陈崇率轻骑一千袭归
266,史归,,,原州刺史(叛),北魏,,,被侯莫陈崇擒,,,0.85,seed依据:原州刺史史归为岳所亲任，河曲之变，反为悦守
267,万俟普拨,,,秦州刺史,北魏,,,,,,0.85,seed依据:诈为诏书与秦州刺史万俟普拨
268,元毗,,,武卫将军(宣旨),北魏,,,,,,0.85,seed依据:遣武卫将军元毗宣旨慰劳
269,尉迟菩萨,,,伪行台,北魏,,,被太祖先锋破,,,0.85,seed依据:先锋破伪行台尉迟菩萨等
270,尔朱显寿,,,天光弟(镇长安),北魏,,,被追至华山擒,,,0.85,seed依据:留弟显寿镇长安
271,斛拔弥俄突,,,夏州刺史(前),北魏,,,,,,0.85,seed依据:夏州刺史斛拔弥俄突胜兵之士三千余人
272,曹泥,,,灵州刺史,北魏,,,,,,0.85,seed依据:灵州刺史曹泥，并恃其僻远，常怀异望
273,纥豆陵伊利,,,河西流民帅,北魏,,,,,,0.85,seed依据:河西流民纥豆陵伊利等，户口富实
274,王伯和,,,悦党,北魏,,,被侯莫陈崇获,,,0.85,seed依据:悦遣其党王伯和、成次安将兵二千人助归镇原州
275,成次安,,,悦党,北魏,,,被侯莫陈崇获,,,0.85,seed依据:悦遣其党王伯和、成次安将兵二千人助归镇原州
276,叱干保洛,,,万俟普拨将,北魏,,,,,,0.85,seed依据:万俟普拨又遣其将叱干保洛领二千骑来从军
277,高长恭,孝瓘,,兰陵武王(面具将军),北齐,,573,赐鸩,渤海蓨,,0.85,seed依据:兰陵武王长恭，一名孝瓘，文襄第四子也
278,高延宗,,,安德王(短暂称帝德昌),北齐,,578,周武帝赐死(椒塞口),,,0.85,seed依据:安德王延宗，文襄第五子也
279,尉相愿,,,长恭属,北齐,,,,,,0.85,seed依据:其属尉相愿谓曰
280,郑氏,,,兰陵王妃,北齐,,,,,,0.85,seed依据:谓妃郑氏曰
281,阳士深,,,行参军,北齐,,,,,,0.85,seed依据:行参军阳士深表列其赃
282,徐之范,,,帝使(鸩杀者),北齐,,,,,,0.85,seed依据:帝使徐之范饮以毒药
283,高孝瓘,,,兰陵王别名,北齐,,,,,,0.85,seed依据:兰陵武王长恭，一名孝瓘
284,唐邕,,,晋昌王(延宗宰辅),北齐,,,,,,0.85,seed依据:以晋昌王唐邕为宰辅
285,莫多娄敬显,,,齐昌王,北齐,,,死于阵,,,0.85,seed依据:莫多娄敬显、沐阳王和阿于子
286,和阿于子,,,沐阳王,北齐,,,投周军,,,0.85,seed依据:和阿于子、段暢以千骑投周军
287,段暢,,,右卫大将军,北齐,,,,,,0.85,seed依据:右卫大将军段暢
288,张寿,,,承御上士(救周武),北周,,,,,,0.85,seed依据:承御上士张寿辄牵马头
289,贺拔佛恩,,,救周武者,北周,,,,,,0.85,seed依据:贺拔佛恩以鞭拂其后
290,沮山,,,尚书令史,北齐,,,,,,0.85,seed依据:尚书令史沮山亦肥大多力
291,兰芙蓉,,,武卫,北齐,,,死于阵,,,0.85,seed依据:武卫兰芙蓉、綦连延长皆死于阵
292,綦连延长,,,武卫,北齐,,,死于阵,,,0.85,seed依据:武卫兰芙蓉、綦连延长皆死于阵
293,骆提婆,,,嬖臣,北齐,,,,,,0.85,seed依据:骆提婆曰：至尊计已成，王不得辄沮
294,宗挺,,,周开府,北周,,,被延宗禽,,,0.85,seed依据:禽周开府宗挺
295,周武帝,,,周武帝宇文邕,北周,,578,北伐突厥军中病卒年36,,,0.85,seed依据:周武帝左右略尽
296,高纬,,,北齐后主,北齐,,,,,,0.85,seed依据:后主谓长恭曰
297,高湛,,,补录,北齐,,,,,,0.85,seed依据:见本批
