id,subject_id,object_id,rel_type,rel_detail,start_year,end_year,weight,polarity,confidence,evidence,chunk_id
1,4,1,效忠,"尔朱荣奇之委以军事,侯景为其先驱",528,,1.0,1,0.9,景始以私众见荣，荣甚奇景，即委以军事,1
2,1,5,军事对手,"先驱击葛荣,生擒之",528,,1.0,-1,0.9,命景先驱，至河内，击，大破之，生擒葛荣,1
3,5,6,收编,修礼见杀后收其众,526,,1.0,0,0.9,后修礼见杀，部下溃散，怀朔镇将葛荣因收集之,1
4,5,7,仇敌,攻杀并吞其众,526,,1.0,-1,0.9,攻杀吐斤洛周，尽有其众,1
5,2,4,仇敌,入洛诛尔朱氏,532,,1.0,-1,0.9,又入洛诛尔硃氏,1
6,1,2,效忠,"降高欢仍为所用,专制河南",534,,1.0,1,0.9,景复以众降之，仍为神武所用,1
7,2,3,父子,临终预言侯景必不为澄用,547,,1.0,1,0.9,及神武疾笃，谓子澄曰：“侯景狡猾多计，反覆难知，我死后，必不为汝用。”,1
8,1,3,仇敌,"澄天性险忌,累信赐召",547,,1.0,-1,0.9,而丞相既遭疾患，政出子澄。澄天性险忌,1
9,1,8,投降,遣丁和上表以河南十三州请降,547,,1.0,1,0.9,太清元年，乃遣其行台郎中丁和来上表请降,1
10,8,1,封授,封河南王承制辄行,547,,1.0,1,0.9,高祖乃下诏封景河南王、大将军、使持节,1
11,20,1,军事对手,"长社之围,西魏救而退",547,,1.0,-1,0.9,齐文襄遣大将军慕容绍宗围景于长社,1
12,20,1,军事对手,涡阳之战大破景,548,,1.0,-1,0.9,慕容绍宗乘胜席卷，涡阳诸镇靡不弃甲,1
13,1,29,投靠,"八百人奔寿春,韦黯纳之",548,,1.0,1,0.9,奔寿春，监州韦黯纳之,1
14,21,8,宗室,"督众北伐之侄,围彭城兵败没于魏",547,,1.0,1,0.9,豫州刺史贞阳侯渊明督众军围彭城，兵败没于魏,1
15,22,1,告发,与萧范累启称景有异志,548,,1.0,-1,0.9,及司州刺史羊鸦仁俱累启称景有异志,1
16,45,1,告发,镇合肥累启告变,548,,1.0,-1,0.9,鄱阳王范镇合肥，及司州刺史羊鸦仁俱累启称景有异志,1
17,13,1,轻敌,抑不奏闻,548,,1.0,-1,0.9,领军硃异曰：“侯景数百叛虏，何能为役？”并抑不奏闻,1
18,1,10,密盟,许为内启,548,,1.0,1,0.9,又知临贺王正德怨望朝廷，密令要结，正德许为内启,1
19,10,8,怨恨,怨望朝廷,548,,1.0,-1,0.9,又知临贺王正德怨望朝廷,1
20,1,36,俘虏→任用,攻马头执太守刘神茂,548,,1.0,0,0.9,攻马头、木栅，执太守刘神茂、戍主曹璆等,1
21,30,1,抵抗后降,"弟均夜斫景营战没,铁降",548,,1.0,0,0.9,历阳太守庄铁遣弟均率数百人夜斫景营，不克，均战没，铁又降之,1
22,10,1,内应,大船数十艘伪称载荻济景,548,,1.0,1,0.9,萧正德先遣大船数十艘，伪称载荻，实装济景,1
23,31,1,避战,"无故退,折枝为验",548,,1.0,-1,0.9,俄而质无故退，景闻之尚未信也,1
24,14,1,军事对手,守朱雀航弃军走,548,,1.0,-1,0.9,建康令庾信率兵千余人屯航北，见景至航，命彻航，始除一舶，遂弃军走南塘,1
25,10,1,姻亲,正德以女妻之,548,,1.0,1,0.9,景自为相国、天柱将军，正德以女妻之,1
26,12,1,守御,凿门扇刺杀数人,548,,1.0,-1,0.9,羊侃凿门扇，刺杀数人，贼乃退,1
27,51,1,城内统帅,都督城内诸军事,548,,1.0,-1,0.9,诏以扬州刺史宣城王大器为都督城内诸军事,1
28,1,78,杀,"东府城陷,驱文武裸杀二千余",548,,1.0,-1,0.9,悉驱城内文武裸身而出，贼交兵杀之，死者二千余人。南浦侯推是日遇害,1
29,43,8,密降未遂,"送款乞降,事泄见杀",548,,1.0,1,0.9,景仪同范桃棒密遣使送款乞降，会事泄见杀,1
30,17,1,军事对手,钟山之战败绩奔京口,548,,1.0,-1,0.9,众军因乱，遂败绩。纶奔京口,1
31,79,17,忠言,"城下徇示不屈,景义而释之",548,,1.0,1,0.9,俊独云“王小小失利，已全军还京口，城中但坚守，援军寻至”,1
32,83,1,降献计,引玄武湖水灌台城,548,,1.0,1,0.9,材官将军宋嶷降贼，因为立计，引玄武湖水灌台城,1
33,1,16,杀,"青塘营未合先击,斩首徇城下",549,,1.0,-1,0.9,见韦粲营垒未合，先渡兵击之。粲拒战败绩，景斩粲首徇于城下,1
34,15,1,军事对手,"驰救韦粲,力战重创",549,,1.0,-1,0.9,柳仲礼闻粲败，不遑贯甲，与数十骑驰赴之,1
35,18,8,勤王(迟滞),遣方等樊文皎下赴京师,548,,1.0,1,0.9,荆州刺史湘东王绎遣世子方等、兼司马吴晔、天门太守樊文皎下赴京师,1
36,52,1,军事对手,渡淮破东府前栅,549,,1.0,-1,0.9,羊鸦仁、李迁仕、樊文皎率众渡淮，攻贼东府城前栅，破之,1
37,41,1,谋袭,"京师虚弱谋袭,事泄被害",550,,1.0,-1,0.9,南康王会理及北兗州司马成钦等将袭之,1
38,32,1,会盟,西华门外刑牲歃血,549,,1.0,0,0.9,左卫将军柳津出西华门下，景出其栅门，与津遥相对，刑牲歃血,1
39,67,51,维护,谏止出送嫡嗣,549,,1.0,1,0.9,中领军傅岐议以宣城王嫡嗣之重，不容许之,1
40,66,1,责让,"景无去意,浚固责之",549,,1.0,-1,0.9,遣御史中丞沈浚至景所，景无去意，浚固责之。景大怒,1
41,11,1,谋主,"劝观其变,抗表十大罪",549,,1.0,1,0.9,景谋臣王伟又说曰,1
42,80,1,献策,劝乞和全师而返,549,,1.0,1,0.9,彭城刘邈说景曰,1
43,1,8,弑(间接),"御膳被裁抑,忧愤感疾崩",549,,1.0,-1,0.9,至于御膳亦被裁抑，遂忧愤感疾而崩,1
44,8,65,问答,是何物丞相一问,549,,1.0,0,0.9,高祖乃谬曰：“何物丞相？”对曰：“是侯丞相。”高祖怒曰：“是名景，何谓丞相！”,1
45,1,9,拥立,迎皇太子即位,549,,1.0,0,0.9,升梓宫于太极前殿，迎皇太子即皇帝位,1
46,1,10,杀,矫诏杀于永福省,549,,1.0,-1,0.9,至是，景杀萧正德于永福省,1
47,68,41,受降,"率兵袭广陵,会理以城降",549,,1.0,1,0.9,景遣董绍先率兵袭广陵，南兗州刺史南康嗣王会理以城降之,1
48,54,82,受降,"入吴,吴郡太守迎降,旋破掠吴中",549,,1.0,-1,0.9,景又遣仪同于子悦、张大黑率兵入吴，吴郡太守袁君正迎降,1
49,49,68,杀,广陵起兵斩景刺史,550,,1.0,-1,0.9,前江都令祖皓起兵于广陵，斩景刺史董绍先,1
50,1,49,车裂,"攻陷广陵,车裂徇之",550,,1.0,-1,0.9,皓婴城拒守，景攻城，陷之。景车裂皓以徇，城中无少长皆斩之,1
51,69,1,起义,"吴西乡起兵万众西上,败死",550,,1.0,-1,0.9,文成侯宁于吴西乡起兵，旬日之间，众至一万,1
52,24,63,杀,攻晋熙杀鄱阳世子,551,,1.0,-1,0.9,任约、卢晖略攻晋熙郡，杀鄱阳世子嗣,1
53,24,46,受降,"袭江州,大心降",551,,1.0,1,0.9,任约进军袭江州，江州刺史寻阳王大心降之,1
54,40,24,军事对手,"武昌拒约,资矶大破之",551,,1.0,-1,0.9,徐文盛率水军邀战，大破之,1
55,23,73,袭执,轻骑三百袭陷郢州,551,,1.0,-1,0.9,遣宋子仙率轻骑三百袭陷之，执刺史方诸、行事鲍泉,1
56,19,1,军事对手,巴陵坚壁拒景,551,,1.0,-1,0.9,军次巴陵，会景至，僧辩因坚壁拒之。景设长围，筑土山，昼夜攻击，不克,1
57,38,24,擒获,赤亭之战大破生擒,551,,1.0,-1,0.9,僧祐与居士陆法和退据赤亭以待之，约至与战，大破之，生擒约,1
58,39,24,军事对手,率二千人救巴陵,551,,1.0,-1,0.9,遣任约以精卒数千逆击僧祐,1
59,11,9,废立策划,自古移鼎必须废立,551,,1.0,1,0.9,其谋臣王伟云“自古移鼎，必须废立”，故景从之,1
60,42,1,谏阻,谏弑逆结怨海内,551,,1.0,1,0.9,其太尉郭元建闻之，自秦郡驰还，谏景曰,1
61,56,9,弑(执行),"奉酒,修纂帊盛土弑之",551,,1.0,-1,0.9,景遣其卫尉彭俊、王修纂奉酒于太宗曰,1
62,58,9,近侍,梦吞土之对,551,,1.0,1,0.9,吾昨夜梦吞土，卿试为思之,1
63,1,33,拥立→逼禅,"迎栋即位改元天正,旋矫诏禅位",551,,1.0,-1,0.9,景迎豫章王栋即皇帝位,1
64,36,1,背叛,据东阳归顺,551,,1.0,-1,0.9,景司空东道行台刘神茂、仪同尹思合、刘归义、王晔、云麾将军桑乾王元頵等据东阳归顺,1
65,34,36,讨伐,"东征神茂,降答仁",551,,1.0,-1,0.9,神茂孤危，复降答仁,1
66,71,1,起义,会稽起义破上虞诸暨,551,,1.0,-1,0.9,张彪起义于会稽，攻破上虞,1
67,25,19,军事对手,姑孰舍舟登岸大败,552,,1.0,-1,0.9,子鉴乃率步骑万余人渡洲，并引水军俱进，僧辩逆击，大破之，子鉴仅以身免,1
68,11,1,谏阻东逃,揽辔谏:岂有叛天子可走,552,,1.0,1,0.9,自古岂有叛天子！今宫中卫士，尚足一战,1
69,1,19,仇敌,掘父墓剖棺焚尸,552,,1.0,-1,0.9,遣掘王僧辩父墓，剖棺焚尸,1
70,59,1,追击,"松江掩至,众举幡乞降",552,,1.0,-1,0.9,而侯瑱军掩至，景众未阵，皆举幡乞降,1
71,26,1,杀,"壶豆洲杀之,送尸王僧辩",552,,1.0,-1,0.9,至壶豆洲，前太子舍人羊鲲杀之，送尸于王僧辩,1
72,18,1,戮尸,"传首江陵,枭市煮漆付武库",552,,1.0,-1,0.9,及景首至江陵，世祖命枭之于市，然后煮而漆之，付武库,1
73,18,11,烹杀,囚送江陵烹于市,552,,1.0,-1,0.9,及囚送江陵，烹于市，百姓有遭其毒者，并割炙食之,1
74,50,1,预言戏弄,"肉揵盐进景,果以盐封其尸",552,,1.0,0,0.9,僧通取肉揾盐以进景，问曰：“好不？”,1
75,27,1,预言,不意昭阳殿化作单于宫,536,,1.0,0,0.9,不意昭阳殿，化作单于宫,1
76,13,8,影响决策,解梦劝纳景,546,,1.0,1,0.9,高祖深纳异言，又信前梦，乃定议纳景,1
77,61,8,谏阻,议纳景非宜,547,,1.0,-1,0.9,尚书仆射谢举及百辟等议，皆云纳侯景非宜，高祖不从是议而纳景,1
78,1,44,拟立,请立元氏子弟为魏主,547,,1.0,0,0.9,求诸元子弟立为魏主，辅以北伐，许之,1
79,1,62,追擒,"大连弃城走,神茂追擒",549,,1.0,-1,0.9,东扬州刺史临成公大连弃城走，遣刘神茂追擒之,1
80,1,47,杀,破吴兴执父子杀之,549,,1.0,-1,0.9,破吴兴，执太守张嵊父子送京师，景并杀之,1
81,48,23,拒战→降,"据县拒之,后降",549,,1.0,0,0.9,新城戍主戴僧易据县拒之,1
82,46,45,接纳,要之西上,549,,1.0,1,0.9,江州刺史寻阳王大心要之西上,1
83,19,59,部属,遣率军追景,552,,1.0,1,0.9,王僧辩遣侯瑱率军追景,1
84,73,18,父子,世祖之子镇郢州,551,,1.0,1,0.9,郢州无备，兵少,1
85,75,78,杀(执行),东府城长刀队执行屠杀,548,,1.0,-1,0.9,景使其仪同卢晖略率数千人，持长刀夹城门，悉驱城内文武裸身而出,1
86,35,17,见死不救,"陈于玄武湖北不赴,军乱败绩",548,,1.0,-1,0.9,时赵伯超陈于玄武湖北，见骏急，不赴，乃率军前走，众军因乱，遂败绩,1
87,35,1,叛离,据钱塘拒景东逃,552,,1.0,-1,0.9,进次嘉兴，赵伯超据钱塘拒之,1
88,1,76,亲信,叹吾不可再见萧公语,549,,1.0,1,0.9,谓厢公王僧贵曰：“吾常据鞍对敌,1
89,1,42,敬惮其直,元建拒受哀太子妃,551,,1.0,0,0.9,景以哀太子妃赐郭元建，元建曰：“岂有皇太子妃而降为人妾？”竟不与相见,1
90,74,25,同守,率兵二千助守姑孰,552,,1.0,1,0.9,景遣史安和、宋长贵等率兵二千，助子鉴守姑孰,1
91,77,1,弃城,弃白下城走,548,,1.0,-1,0.9,谢禧亦弃白下城走,1
92,1,20,师从→反超,"初学兵法于绍宗,未几绍宗每询问焉",525,,1.0,0,0.85,初学兵法于荣部将慕容绍宗，未几绍宗每询问焉,2
93,1,2,献策,"沙苑后请数千骑取关中,娄妃劝止",538,,1.0,1,0.85,请以数千劲骑至关中取之,2
94,84,2,谏止,"彼若得泰亦将不归,得泰失景于事奚益",538,,1.0,1,0.85,彼若得泰，亦将不归。得泰失景，于事奚益,2
95,1,8,狂言,济江缚取萧衍老公以作太平寺主,540,,1.0,-1,0.85,以作太平寺主,2
96,20,1,纵敌,景若就禽公复何用——绍宗乃纵之,548,,1.0,0,0.85,使谓绍宗曰：“景若就禽，公复何用？”绍宗乃纵之,2
97,86,1,叛降,"北人不乐南度,率所部降绍宗",548,,1.0,-1,0.85,其将暴显等各率所部降绍宗,2
98,36,1,献计,"踣马驰献取寿阳之策,景曰天教也",548,,1.0,1,0.85,景执其手曰：“天教也。”,2
99,88,29,说降,"夜入说之,黯开门纳景",548,,1.0,1,0.85,乃遣豫州司马徐思玉夜入说之，黯乃开门纳景,2
100,113,30,劝降,"铁母爱其子劝铁降,景拜其母",548,,1.0,0,0.85,铁母爱其子，劝铁降。景拜其母,2
101,91,1,守御(内应出卖),坚帐内白昙朗董勋华于城西北楼纳贼,549,,1.0,-1,0.85,邵陵王世子坚帐内白昙朗、董勋华于城西北楼纳贼,2
102,92,1,内应,"五鼓四面飞梯,贼悉上",549,,1.0,1,0.85,于城西北楼纳贼。五鼓，贼四面飞梯,2
103,24,1,谏留,"去乡万里走欲何之,草间乞活约所不为",548,,1.0,1,0.85,任约曰：“去乡万里，走欲何之？战若不捷，君臣同死。草间乞活，约所不为。”,2
104,17,1,军事对手,纶大败景万余人于爱敬寺下,548,,1.0,-1,0.85,纶大败之于爱敬寺下,2
105,43,9,密降(疑而失),"简文犹豫不决,朱异捶胸:今年社稷去矣;鲁伯和告景并烹之",549,,1.0,1,0.85,朱异以手捶胸曰：“今年社稷去矣。”俄而桃棒军人鲁伯和告景，并烹之,2
106,95,18,谏→被杀,"双六语殿下都无下意,王深为憾遂因事害之",549,,1.0,-1,0.85,贲曰：“殿下都无下意。”王深为憾，遂因事害之,2
107,8,1,轻敌,"笑曰是何能为,吾以折棰笞之",548,,1.0,0,0.85,"是何能为,吾以折棰笞之",2
108,19,1,疑兵,"沈船卧鼓若将已遁,景遂围城",551,,1.0,-1,0.85,王僧辩沈船卧鼓，若将已遁,2
109,42,33,维护,"主上仁明何得废之,景意遂回欲复帝位",551,,1.0,1,0.85,元建固陈不可，景意遂回，欲复帝位，以栋为太孙,2
110,97,19,部属,克开台城门引入宫,552,,1.0,1,0.85,王克开台城门引裴之横入宫,2
111,99,100,同恶,"军人掠民甚于寇贼,号叫闻于石头",552,,1.0,-1,0.85,王琳、杜龛军人掠之，甚于寇贼，号叫闻于石头,2
112,19,99,纵容,谓为有变登城问故亦不禁——君子以是知僧辩之不终,552,,1.0,0,0.85,僧辩谓为有变，登城问故，亦不禁也,2
113,107,11,擒获,"潜匿草中,直渎戍主禽送之",552,,1.0,-1,0.85,直渎戍主黄公喜禽送之,2
114,101,11,唾面,遇之而唾:死虏庸复能为恶乎;伟:君不读书不足与语,552,,1.0,-1,0.85,遇之而唾其面，曰：“死虏，庸复能为恶乎！”,2
115,18,11,钉舌剜肠,"狱诗求免,帝爱其才将舍;朝士举檄文异辞句,帝大怒钉舌于柱剜其肠",552,,1.0,-1,0.85,帝大怒，使以钉钉其舌于柱，剜其肠,2
116,34,9,礼遇得免,以不失礼于简文见宥,552,,1.0,1,0.85,答仁以不失礼于简文见宥,2
117,35,18,饿死狱中,伯超及伏知命俱饿死江陵狱中,552,,1.0,-1,0.85,伯超及伏知命俱饿死江陵狱中,2
118,1,36,锉碓寸斩,"神茂降送建康,景为大锉碓先进其脚寸寸斩之至头方止",552,,1.0,-1,0.85,景为大锉碓，先进其脚，寸寸斩之，至头方止,2
119,8,1,预言,"破侯景字成小人百日天子,为帝当得百日——计满十旬其言竟验",549,,1.0,0,0.85,为帝当得百日,2
120,3,1,族诛,"剥景妻子面皮,大铁镬盛油煎杀;男三岁者并下蚕室",548,,1.0,-1,0.85,魏相高澄悉命先剥景妻子面皮，以大铁镬盛油煎杀之,2
121,94,9,献计,"作纸鸦系长绳藏敕,西北风放之;群贼骇谓厌胜之术",549,,1.0,1,0.85,有羊车儿献计，作纸鸦系以长绳，藏敕于中,2
122,105,1,避讳改姓,"景祖名乙羽周,故改周弘正石珍姓姬",551,,1.0,0,0.85,故改周弘正、石珍姓姬焉,2
123,87,3,传语,"北归言景有悔过志,澄以为信然",547,,1.0,0,0.85,时景将蔡道遵北归，言景有悔过志。高澄以为信然,2
124,44,1,惧而叛归,知景异志累启还朝;景:将定江南何不少忍;贞奔还建邺,548,,1.0,-1,0.85,贞益惧，奔还建邺，具以事闻,2
125,102,1,殉节,"断手足刻析心腹,正色言笑自若,见其胆如升",550,,1.0,-1,0.85,瞻正色整容，言笑自若，见其胆者乃如升焉,2
126,85,1,军事对手,"绍宗戒勿度涡水,既而光又为景败",548,,1.0,-1,0.85,勿度涡水,2
127,89,1,质问,"问举何名,景答:欲为帝也",548,,1.0,0,0.85,景曰：“欲为帝也。”,2
128,96,18,战略对答,三策论:分守巴陵上策/顿长沙中策/攻坚巴陵下策,551,,1.0,1,0.85,此上策也,2
129,1,23,军令,"若破城邑净杀却,使天下知吾威名",551,,1.0,0,0.85,若破城邑，净杀却,2
130,9,1,共宴(屈辱),西州宴:我念丞相/我为公讲/景唱尔时无尽意菩萨,551,,1.0,0,0.85,上大笑,2
131,11,19,对答,各为人臣何事相敬/向使侯氏早从伟言明公岂有今日之势,552,,1.0,0,0.85,向使侯氏早从伟言,2
132,16,15,推戴,"建议推仲礼为大都督,单舸切让裴之高",548,,1.0,1,0.85,粲建议推仲礼为大都督,3
133,64,15,耻居其下,"柳节下是州将,何须我复鞭板——累日不决",548,,1.0,-1,0.85,柳节下是州将，何须我复鞭板,3
134,16,64,切让,"单舸至营:豫州必欲立异,锋镝便有所归;之高垂泣",548,,1.0,1,0.85,乃单舸至之高营，切让之曰,3
135,15,16,命屯青塘,"青塘立栅迫近淮渚,此大事非兄不可",549,,1.0,1,0.85,青塘立栅，迫近淮渚，欲以粮储船乘尽就泊之，此是大事，非兄不可,3
136,119,16,畏懦致败,"命以水军截后,畏懦不敢进,郑逸遂败",549,,1.0,-1,0.85,叔胤畏懦不敢进，逸遂败,3
137,9,16,痛惜,"社稷所寄惟在韦公,如何不幸先死行阵",549,,1.0,1,0.85,太宗闻之流涕曰：“社稷所寄，惟在韦公，如何不幸，先死行阵。”,3
138,114,13,不附,"姑夫权要当朝,休下之日宾客辐凑,子一未尝造门",540,,1.0,1,0.85,其姑夫右卫将军硃异，权要当朝，休下之日，宾客辐凑，子一未尝造门,3
139,114,1,死战,"身先士卒抽戈独进,群贼夹攻从者莫敢继",548,,1.0,-1,0.85,子一乃身先士卒，抽戈独进，群贼夹攻之，从者莫敢继,3
140,47,36,拒降破敌,"斩其使,鳢渎逆击破神茂",548,,1.0,-1,0.85,嵊命斩其使，仍遣军主王雄等帅兵于鳢渎逆击之，破神茂,3
141,53,15,密谋杀景,"景饯仲礼于后渚:敬礼抱之兄拔佩刀便可斫杀;仲礼壮其言许之,见备卫严不敢动",549,,1.0,1,0.85,敬礼抱之，兄拔佩刀，便可斫杀，敬礼死亦无所恨,3
142,66,1,面责,"口血未干而有翻背…岂畏逆臣之刀乎;景曰是真司直也,然密衔之,后求浚害之",549,,1.0,-1,0.85,景曰：“是真司直也。”然密衔之,3
143,16,46,献策移镇,"移镇湍城遣偏将随,留家累于江州",548,,1.0,1,0.85,今直且张声势，移镇湓城，遣偏将赐随，于事便足,3
144,16,1,死节,"左右牵避,粲不动犹叱子弟力战,兵死略尽遂见害,年五十四;子弟亲戚死者数百人",549,,1.0,-1,0.85,粲不动，犹叱子弟力战，兵死略尽，遂见害，时年五十四,3
145,115,114,兄弟赴死,"见事急相引赴贼,并见害",548,,1.0,1,0.85,子四、子五见事急，相引赴贼，并见害,3
146,47,66,共谋举义,贼臣凭陵正是人臣效命之秋;浚固劝嵊举义,549,,1.0,1,0.85,浚曰：“鄙郡虽小，仗义拒逆，谁敢不从！”固劝嵊举义,3
147,25,47,攻灭,"帅精兵二万助神茂,栅破;嵊释戎服坐听事终不屈,刑于都市,子弟同遇害十余人",549,,1.0,-1,0.85,嵊乃释戎服，坐于听事，贼临之以刃，终不为屈,3
148,53,41,共谋,"与南康王会理共谋袭其城,建安侯萧贲知而告之,遂遇害",550,,1.0,1,0.85,敬礼与南康王会理共谋袭其城，克期将发，建安侯萧贲知而告之，遂遇害,3
149,18,19,斫髄下狱→起用,"世祖大怒按剑斫之中其左髄,流血至地闷绝久之方苏;狱中问计,登即赦为城内都督",549,,1.0,0,0.85,世祖因斫之，中其左髀，流血至地。僧辩闷绝，久之方苏,4
150,19,72,锁拿,"背泉而坐曰鲍郎卿有罪,令旨使我鏁卿",549,,1.0,0,0.85,僧辩既入，背泉而坐，曰：“鲍郎，卿有罪，令旨使我鏁卿,4
151,19,1,巴陵守御,"沉公私船于水,乘城固守偃旗卧鼓安若无人;贼问城内是谁,答是王领军",551,,1.0,-1,0.85,僧辩乃分命众军，乘城固守，偃旗卧鼓，安若无人,4
152,19,23,诈擒,伪许之给船百艘以老其意;杜龛率精勇攀堞而上;白杨浦大破生擒子仙送江陵,551,,1.0,-1,0.85,僧辩伪许之，命给船百艘，以老其意,4
153,127,19,白茅洲会盟,"霸先为之文,升坛歃血共读盟文,皆泪下沾襟辞色慷慨",552,,1.0,1,0.85,于是升坛歃血，共读盟文，皆泪下沾襟，辞色慷慨,4
154,19,127,忌惮,"霸先倜傥多谋策名盖僧辩,僧辩畏之",552,,1.0,0,0.85,霸先倜傥多谋策，名盖僧辩，僧辩畏之,4
155,19,35,受降问答,朝廷昔唯知有赵伯超耳岂识王僧辩…僧辩瞿然谬答:此乃圣上之威德,552,,1.0,0,0.85,朝廷昔唯知有赵伯超耳，岂识王僧辩,4
156,135,19,突袭被斩,"铠马大呼冲突直趋僧辩;僧辩据胡床不为之动,指挥勇敢遂获贤明因即斩之",552,,1.0,-1,0.85,僧辩尚据胡床，不为之动,4
157,130,19,母教,"人之事君惟须忠烈,非但保祐当世亦乃庆流子孙;克复旧京功盖天下,恒自谦损",553,,1.0,1,0.85,夫人深相责励，辞色俱严，云：“人之事君，惟须忠烈，非但保祐当世，亦乃庆流子孙。”,4
158,18,19,江陵征召,黑泰背盟…赴倒悬也;僧辩:此孙膑克庞涓时也,554,,1.0,1,0.85,此孙膑克庞涓时也,4
159,19,21,迎立,前后频书不纳;东关裴之横败后遂谋纳;送质于邺;拥楫中流不敢就岸,555,,1.0,1,0.85,僧辩拥楫中流，不敢就岸,4
160,127,19,夜袭杀,僧辩据南门楼乞命拜请;霸先:委公北门何谓无备;尔夜斩之,555,,1.0,-1,0.85,僧辩曰：“委公北门，何谓无备。”尔夜斩之,4
161,129,99,恸绝,闻琳死出郡城南登高冢上号哭一恸而绝,557,,1.0,1,0.85,闻琳死，乃出郡城南，登高冢上号哭，一恸而绝,4
162,100,19,婿,"僧辩败,龛据吴兴以距陈",555,,1.0,1,0.85,龛，僧辩之婿也,4
163,100,132,攻败,"遣杜泰攻陈蒨于长城反为所败;周文育破之;霸先亲围,会齐兵还乃降,遂遇害",556,,1.0,-1,0.85,遣军副杜泰攻陈蒨于长城，反为蒨所败,4
164,39,18,狱中起用,"谏诛蛮帅忤旨下狱;巴陵危,引于狱拜武猛将军令赴援;将发谓子开两门吉硃凶白,不捷不归;世祖闻而壮之",551,,1.0,0,0.85,汝可开两门，一门拟硃，一门拟白。吉则由硃门，凶则由白门。吾不捷不归也,4
165,39,24,芊口骂战→赤砂亭擒,约呼:吴儿何为不早降走何处去;僧祐不与言潜引却;会陆法和至并军击约大破擒之,551,,1.0,-1,0.85,呼僧祐曰：“吴儿，何为不早降？走何处去。”,4
166,40,1,私通,"妻石氏在建邺,景载以还之;文盛深德景遂密通信使都无战心,众咸愤怨",551,,1.0,1,0.85,文盛深德景，遂密通信使，都无战心，众咸愤怨,4
167,139,1,降而被杀,与守簉独进大破景获舟舰;郢州陷军溃遂降景;景杀之以其多反覆故也,551,,1.0,-1,0.85,景杀之，以其多反覆故也,4
168,137,1,横截破阵,"景亲率精锐左右冲突,掞从岭后横截之,景乃大败东奔晋陵",552,,1.0,-1,0.85,掞从岭后横截之，景乃大败，东奔晋陵,4
169,100,23,生擒,龛追至杨浦生擒之,551,,1.0,-1,0.85,龛追至杨浦，生擒之,4
170,141,8,异光预言,"入高祖卧内见有异光成五色,因握手曰:公后必大贵非人臣也,安苍生者其在君乎",490,,1.0,1,0.85,见有异光成五色，因握高祖手曰：“公后必大贵，非人臣也,4
171,140,1,力战,"贝矶与景遇,力战恒冠诸军,频败景",551,,1.0,-1,0.85,子春力战，恒冠诸军，频败景,4
172,19,17,攻郢,世祖令子春随王僧辩攻邵陵王于郢州平之——兄弟相攻实录,550,,1.0,-1,0.85,世祖令子春随领军将军王僧辩攻邵陵王于郢州，平之,4
173,24,40,狱中对话,同禁;文盛:汝何不早降令我至此;约:门外不见卿马迹使我何遽得降;文盛无以答遂死狱中,552,,1.0,0,0.85,门外不见卿马迹，使我何遽得降,4
174,151,127,知遇,目谓僚佐:此人方将远大;令招集士马众至千人,535,,1.0,1,0.85,此人方将远大,5
175,187,127,先敌后降,"与杜天合围广州;霸先三千卷甲救,频战屡捷,天合中矢死,僧明遂降",540,,1.0,0,0.85,僧明遂降,5
176,8,127,叹异图容,"深叹异,授直阁将军封新安子,仍遣画工图高祖容貌而观之",540,,1.0,1,0.85,仍遣画工图高祖容貌而观之,5
177,155,127,阻挠,"知军士惮远役阴购诱之,因诡说蒨;霸先:岂可畏惮宗室轻于国宪",547,,1.0,-1,0.85,岂可畏惮宗室，轻于国宪,5
178,158,127,说留,"侯景骁雄天下无敌…未若且住始兴,遥张声势,保此太山,自求多福",549,,1.0,0,0.85,未若且住始兴，遥张声势，保此太山，自求多福,5
179,127,158,泣答决计,"京都覆没主上蒙尘,君辱臣死谁敢爱命…仆行计决矣;乃遣使间道往江陵禀承军期节度",549,,1.0,1,0.85,君辱臣死，谁敢爱命,5
180,159,127,拒战被破,"依山水立四城以拒;大破之,路养脱身窜走",550,,1.0,-1,0.85,路养出军顿南野，依山水立四城以拒高祖,5
181,186,127,谋袭被擒斩,"刘蔼资其兵仗将袭南康;杜僧明二万人据白口筑城相对;二年三月攻拔其城生擒送南康,高祖斩之",551,,1.0,-1,0.85,生擒迁仕送南康，高祖斩之,5
182,127,19,济粮,"西军乏食,先贮军粮五十万石,至是分三十万以资之,仍顿巴丘",551,,1.0,1,0.85,高祖先贮军粮五十万石，至是分三十万以资之,5
183,127,15,批判前车,"前柳仲礼数十万兵隔水而坐,韦粲之在青溪竟不渡岸,贼乃登高望之表里俱尽——渡北岸请先往立栅",552,,1.0,-1,0.85,前柳仲礼数十万兵隔水而坐，韦粲之在青溪，竟不渡岸,5
184,166,127,部属,"领弩手二千横截其后,贼乃却",552,,1.0,1,0.85,高祖遣徐度领弩手二千横截其后,5
185,1,127,望气而惧,"登石头城观望:此军上有紫气,不易可当——叉步贮石沈塞淮口,缘淮作城十余里",552,,1.0,0,0.85,此军上有紫气，不易可当,5
186,42,127,奔齐纳众,"高祖率众出广陵应接,会元建奔齐,高祖纳其部曲三千人而还",552,,1.0,0,0.85,高祖纳其部曲三千人而还,5
187,127,188,解围,齐众七万攻秦郡;自率万人解其围;齐平秦王中流矢死,552,,1.0,-1,0.85,齐平秦王中流矢死,5
188,127,19,苦争贞阳,"以为不可,遣使苦争往返数四,僧辩竟不从;密语:我与王公俱受重寄,语未绝音声犹在耳",555,,1.0,-1,0.85,遣使诣僧辩苦争之，往返数四，僧辩竟不从,5
189,127,167,谋主班底,"九月壬寅召徐度侯安都周文育等谋之,仍部列将士分赏金帛水陆俱进,是夜发南徐",555,,1.0,1,0.85,高祖召徐度、侯安都、周文育等谋之,5
190,127,19,夜袭缢杀(陈书版),"高祖因风纵火,僧辩穷迫乃就擒;是夜缢僧辩及頠",555,,1.0,-1,0.85,是夜缢僧辩及頠,5
191,148,127,引齐攻陈,"据其城以入齐,又要任约共举兵应龛载,齐人资其兵食;精兵五千奄至阙下",555,,1.0,-1,0.85,率精兵五千奄至阙下,5
192,171,127,请和结盟,"遣使请和;城门外刑牲盟约,将士部曲一无所问恣其南北",555,,1.0,0,0.85,乃于城门外刑牲盟约,5
193,172,127,十万攻陈→覆灭,"率众十万出栅口;莫府山之战大溃;被俘四十六将皆伏诛;军士缚荻筏以济中江而溺,流尸至京口翳水弥岸",556,,1.0,-1,0.85,虏萧轨、东方老、王敬宝、李希光、裴英起等将帅凡四十六人,5
194,167,172,横出掩杀,"自白下引兵横出其后,齐师大溃",556,,1.0,1,0.85,侯安都自白下引兵横出其后，齐师大溃,5
195,155,127,举兵反,"自广州渡岭顿南康,遣欧阳頠傅泰及其子孜为前军;周文育侯安都讨平之",557,,1.0,-1,0.85,萧勃举兵，自广州渡岭，顿南康,5
196,99,127,拥兵抗命,"湘州刺史王琳拥兵不应命;周文育侯安都讨之,于郢州败绩,囚于王琳",557,,1.0,-1,0.85,湘州刺史王琳拥兵不应命，高祖遣周文育、侯安都率众讨之,5
197,178,133,阵前杀害,"北江州刺史熊昙朗杀都督周文育于军,举兵反",559,,1.0,-1,0.85,熊昙朗杀都督周文育于军，举兵反,5
198,127,133,素服哭祭,"故司空周文育之柩至自建昌;高祖素服哭于东堂,哀甚",559,,1.0,1,0.85,高祖素服哭于东堂，哀甚,5
199,59,127,江州入附,是月侯瑱以江州入附;遣侯安都镇上流定南中诸郡,556,,1.0,1,0.85,是月侯瑱以江州入附,5
200,184,127,密献佛牙,"承圣末慧志密送于高祖;受禅后乃出,集四部设无遮大会,亲出阙前礼拜",552,,1.0,1,0.85,慧志密送于高祖，至是乃出,5
201,133,167,同囚同宥,"郢州败绩囚于王琳;逃归自劾廷尉,即日引见并宥之",558,,1.0,1,0.85,于王琳所逃归，自劾廷尉，即日引见，并宥之,5
202,154,127,委以经略,能克贼者必陈司武也,541,,1.0,1,0.85,必陈司武也,5
203,137,127,问计,"诸将未有所决,僧辩遣杜掞问计于高祖",552,,1.0,1,0.85,问计于高祖,5
204,12,192,部属,"为偏将隶讨莫折天生,射杀天生其众即溃",524,,1.0,1,0.85,侃为偏将，隶萧宝寅往讨之，射杀天生,7
205,189,12,遗志,恒使侃南归;至是将举济河以成先志,528,,1.0,1,0.85,其父祉恒使侃南归,7
206,190,12,据州相拒,"密知之据州拒侃;侃率精兵三万袭之不克,筑十余城守之",528,,1.0,-1,0.85,据州拒侃，侃乃率精兵三万袭之，不克,7
207,12,191,斩使南归,"魏授骠骑大将军司徒泰山郡公,侃斩其使;于晖率众十万围,栅中矢尽夜溃围出,一日一夜出魏境",529,,1.0,-1,0.85,一日一夜，乃出魏境,7
208,12,197,折辱,"小子!汝以铜鼓买朱异作父,韦粲作兄,何敢无宜适",545,,1.0,-1,0.85,汝以铜鼓买朱异作父，韦粲作兄，何敢无宜适,7
209,12,21,献策不用,"劝乘水攻彭城不见纳;频言乘其远来可击,旦日又劝出战并不从;军败结阵徐还——寒山败局的责任清单",547,,1.0,1,0.85,侃劝元帅贞阳侯明乘水攻彭城，不见纳,7
210,12,8,采石之策,"求以二千人急据采石,令邵陵王袭取寿春,景进不得前退失巢窟,自然瓦解——议者谓未敢便逼都,遂寝其策;侃曰今兹败矣",548,,1.0,1,0.85,侃求以二千人急据采石，令邵陵王袭取寿春,7
211,12,9,一决于侃,"宿将已尽,城中唯有侃及柳津韦黯;津年老且疾,黯懦而无谋,军旅指撝一决于侃,胆力俱壮,简文深仗之",548,,1.0,1,0.85,军旅指撝，一决于侃，胆力俱壮，简文深仗之,7
212,12,1,火城却敌,"大雨城内土山崩,贼乘之垂入;令多掷火为火城以断其路,徐于城内筑城,贼不能进;寻以疾卒于城内",548,,1.0,-1,0.85,侃乃令多掷火，为火城以断其路,7
213,12,194,引弓射子,"贼执长子示侃:我倾宗报主犹恨不足,岂复计此一子,幸早杀之;数日复持来,因引弓射之;贼以其忠义亦弗之害",548,,1.0,0,0.85,因引弓射之。贼以其忠义，亦弗之害,7
214,196,12,阵前对话,"尚书国家大臣宜S朝廷;侃:吾不能妄受浮说开门揖盗;士哲:在北之日久挹风猷,愿去戎服得一相见;侃为免胄,士哲瞻望久之而去",548,,1.0,0,0.85,侃为免胄，士哲瞻望久之而去，其为北人所钦慕如此,7
215,26,1,杀(全程),"景以从妹为小妻待之甚厚;及败密图之随其东走;景昼寝,从语海师:此中何处有蒙山,汝但听我处分,遂直向京口;至胡豆洲景觉;与王元礼谢葳蕤三人:今就王乞头以取富贵;景欲透水,从抽刀斫之;以小刀抉船,从刺杀之",552,,1.0,-1,0.85,今就王乞头以取富贵,7
216,1,26,妹婿之待,"以其妹为小妻,呼还待之甚厚,以为库真都督",551,,1.0,1,0.85,侯景以其妹为小妻，呼还待之甚厚，以为库真都督,7
217,59,26,破杀,"从王僧愔征萧勃于岭表,闻僧辩败乃还,为侯瑱所破遇害年二十八",556,,1.0,-1,0.85,为侯瑱所破，遇害，年二十八,7
218,203,12,失火不责,"醉失火延烧七十余艘;侃闻聊不挂意命酒不辍;孺才惭惧自逃,侃慰喻使还待之如旧",545,,1.0,1,0.85,侃闻聊不挂意，命酒不辍,7
219,12,8,折树矟之宠,"赐河南国紫骝令试两刃矟;观者登树,帝曰此树必为侍中折矣,俄而果折;帝制武宴诗三十韵,侃即席应诏",540,,1.0,1,0.85,此树必为侍中折矣,7
220,12,204,同学宴集,"魏使阳斐与侃在北尝同学,有诏命侃延斐同宴;宾客三百余人,食器皆金玉杂宝,奏三部女乐,侍婢百余人俱执金花烛",545,,1.0,1,0.85,食器皆金玉杂宝,7
221,208,18,府僚,年十二预门徒;释褐湘东国右常侍;掌管记随方诸镇郢州,547,,1.0,1,0.85,时年十九，释褐湘东国右常侍，以军功加镇西墨曹参军,6
222,1,208,欲杀,"值侯景陷郢州频欲杀之,赖王则再三救护获免,囚以还都",550,,1.0,-1,0.85,赖其行台郎中王则以获免,6
223,210,208,救护,"初无旧识,再三救护",550,,1.0,1,0.85,景行台郎中王则初无旧识，再三救护，获免，囚以还都,6
224,208,8,弃周奔齐,"值河水暴长具船携妻子经砥柱之险,水路七百里一夜而至,时人称其勇决(自北周奔北齐)",556,,1.0,0,0.85,值河水暴长，具船将妻子来奔，经砥柱之险，时人称其勇决,6
225,208,212,献策,"因宦者进奔陈之策,劝募吴士千人为左右取青徐路共投陈国",577,,1.0,1,0.85,之推因宦者侍中邓长颙进奔陈之策,6
226,213,208,谗间,"不愿入南,云吴士难信;启报齐主云无贼,遂道周军追及齐主",577,,1.0,-1,0.85,阿那肱不愿入陈，乃云吴士难信，不须募之,6
227,214,208,知遇,"大为祖珽所重令掌知馆事;后有人毁之推于祖仆射,仆射察之无实,所知如旧",572,,1.0,1,0.85,大为祖珽所重，令掌知馆事,6
228,208,215,避祸,"季舒等将谏,之推取急还宅故不联署;勘无其名方得免祸",573,,1.0,0,0.85,之推取急还宅，故不联署,6
229,73,72,委任,委军政于儒生;以鲍泉为郢州行事总摄州府(观我生赋注),550,,1.0,1,0.85,以虞预为郢州司马，领城防事。委军政于儒生。以鲍泉为郢州行事，总摄州府也,6
230,131,223,互攻致死,"方等信用小人贪其子女玉帛遂欲攻之,河东急而逆战,世子为乱兵所害(赋注)",549,,1.0,-1,0.85,世子信用□小，贪其子女玉帛，遂欲攻之，故河东急而逆战，世子为乱兵所害,6
231,138,224,夜降,"襄阳杜岸兄弟怨其见劫,率兵八千夜降,岳阳(詧)于是遁走(解湘州之围)",550,,1.0,1,0.85,率兵八千夜降，岳阳于是遁走,6
232,208,222,同馆,"武平中署文林馆待诏三十余人,之推专掌撰修",573,,1.0,1,0.85,之推专掌，其撰修文殿御览、续文章流别等皆诣进贤门奏之,6
233,218,225,祚数预言,"齐初践祚计止于二十八年,至是如期而灭",550,,1.0,0,0.85,齐初践祚计止于二十八年。至是如期而灭,6
234,4,227,父子,正光中传爵于荣,520,,1.0,1,0.85,肃宗世，以年老启求传爵于荣，朝廷许之,10
235,4,229,密议,与元天穆等密议称兵入匡朝廷,528,,1.0,1,0.85,与元天穆等密议称兵，入匡朝廷,10
236,230,4,献策(河阴),"惑费穆之说,纵兵乱害,千三百余人",528,,1.0,0,0.85,荣惑武卫将军费穆之说，乃引迎驾百官于行宫西北,10
237,4,8,元颢之仇,"元颢南奔萧衍,衍立为魏主资以兵将;荣击破之",529,,1.0,-1,0.85,北海王元颢南奔萧衍，衍乃立为魏主,10
238,4,5,七千骑破百万,"葛荣自邺北列阵数十里;荣潜军山谷,袖棒(刀不如棒);分命壮勇冲突,表里合击,于阵擒葛荣",528,,1.0,-1,0.85,荣身自陷陈，出于贼后，表里合击，大破之。于陈擒葛荣,10
239,4,256,拥立→被弑,铸像惟庄帝独就;荣欲称帝铸金为己像数四不成;还奉庄帝;后帝手刃之,528,,1.0,0,0.85,荣遂有大志，令御史赵元则造禅文,10
240,233,4,占卜劝止,天时人事必不可尔;荣亦精神恍惚,528,,1.0,1,0.85,言天时人事必不可尔,10
241,4,239,构陷,"徽、李彧等欲擅威权惧荣害之,复相间构",530,,1.0,-1,0.85,惧荣害之，复相间构，日月滋甚,10
242,256,4,手刃,"帝先横刀膝下,遂手刃之;安等乱斫,荣与天穆菩提同时俱死,时年三十八",530,,1.0,-1,0.85,帝先横刀膝下，遂手刃之,10
243,4,236,从子/部属,"遣天光为雍州刺史,率贺拔岳侯莫陈悦入关讨万俟丑奴",530,,1.0,1,0.85,荣遣其从子天光为雍州刺史,10
244,236,249,擒获,"连破之,擒丑奴宝夤并槛车送阙;关西悉平",530,,1.0,-1,0.85,擒丑奴、宝夤，并槛车送阙,10
245,4,229,猎政对答,"天穆劝顺时搜狩;荣攘肘:今秋校猎嵩原,令贪污朝贵入围搏虎;明年简练精骑分出江淮",529,,1.0,0,0.85,令贪污朝贵入围搏虎,10
246,4,256,遥制朝廷,居外恆遥制朝廷;大小必知;启数人为州帝不许;天子由谁得立今乃不用我语,530,,1.0,-1,0.85,天子由谁得立？今乃不用我语,10
247,4,228,父子同死,荣与天穆菩提同时俱死;菩提时年十四,530,,1.0,1,0.85,荣与天穆、菩提同时俱死,10
248,241,4,从子/爪牙,"荣特加赏爱任为爪牙;荣命兆止授二箭取鹿,获其一,杖之五十",520,,1.0,1,0.85,荣以此特加赏爱，任为爪牙,10
249,241,256,缢杀,兆扑杀皇子污辱妃嫔;幽帝于永宁佛寺;后害帝于五级寺,530,,1.0,-1,0.85,遂害帝于五级寺,10
250,241,2,招而不合,兆遣使招高欢;欢称山蜀未平不可委去;兆梦亡父登高堆拔马蔺草株,530,,1.0,0,0.85,臣而伐君，其逆已甚,10
251,242,4,劝不来,"世隆与荣书劝其不来,荣并不从",530,,1.0,1,0.85,荣从弟世隆与荣书，劝其不来,10
252,227,4,天池箫鼓,游天池忽闻箫鼓之音;古老相传凡闻此声皆至公辅;吾今年已衰暮当为汝耳,500,,1.0,0,0.85,凡闻此声皆至公辅,10
253,4,245,跋扈夺任,"荣补定州曲阳县令,神俊以阶悬不奉;荣遣所补者往夺其任",529,,1.0,-1,0.85,荣闻大怒，即遣其所补者往夺其任,10
254,4,257,署从叔,攻拔肆州署从叔羽生为刺史,526,,1.0,1,0.85,乃署其从叔羽生为刺史,10
255,258,259,父子,少子;德皇纠合乡里斩卫可孤,524,,1.0,1,0.85,太祖，德皇帝之少子也,11
256,258,5,部属→逃离,十八岁任将帅;知其无成与诸兄谋逃避;会尔朱荣擒葛荣,528,,1.0,0,0.85,太祖时年十八，荣遂任以将帅。太祖知其无成,11
257,4,260,诛兄,"托以他罪诛太祖第三兄;复欲害太祖;太祖自理家冤辞旨慷慨,荣感而免之",528,,1.0,-1,0.85,诛太祖第三兄洛生，复欲害太祖,11
258,258,237,旧从/谋主,"太祖与岳有旧;以别将从岳入关;岳为关西大行台以太祖为左丞,事无巨细皆委决",530,,1.0,1,0.85,事无巨细，皆委决焉,11
259,258,2,识破,至并州观高欢;欢以为非常人欲留之;诡陈忠款星言就道;欢遣追之至关不及;还谓岳:高欢非人臣也,533,,1.0,-1,0.85,高欢非人臣也,11
260,258,238,预言其叛,曹泥孤城阻远未足为忧;侯莫陈悦怙众密迩贪而无信必将为患;岳不听;后果为悦所害,534,,1.0,-1,0.85,侯莫陈悦怙众密迩，贪而无信，必将为患,11
261,261,258,推举,窃观宇文夏州英姿不世雄谟冠时;今若告丧必来赴难因而奉之则大事集矣,534,,1.0,1,0.85,英姿不世，雄谟冠时,11
262,262,258,让贤,寇洛素无雄略威令不行;洛智能本阙不宜统御;请避位更择贤材,534,,1.0,1,0.85,洛智能本阙，不宜统御,11
263,258,1,阵前喝退,高欢遣长史侯景招岳众;太祖遇之:贺拔公虽死宇文泰尚存卿何为也;景失色:我犹箭耳随人所射,534,,1.0,-1,0.85,贺拔公虽死，宇文泰尚存，卿何为也,11
264,264,258,密图被斩,规欲应悦密图太祖;事发斩之,534,,1.0,-1,0.85,都督弥姐元进规欲应悦，密图太祖,11
265,265,266,轻骑擒获,"率轻骑一千袭归,擒之并获次安伯和",534,,1.0,-1,0.85,率轻骑一千袭归，擒之,11
266,258,270,倍道追擒,策显寿怯懦必当东走;倍道兼行;追至华山擒之,532,,1.0,-1,0.85,追至华山，擒之,11
267,237,238,被害,岳遣赵贵至夏州与太祖计事;岳不听太祖劝;二月至于河曲果为悦所害,534,,1.0,-1,0.85,二月，至于河曲，岳果为悦所害,11
268,277,3,父子,文襄第四子,540,,1.0,1,0.85,文襄第四子也,12
269,278,3,父子,文襄第五子,545,,1.0,1,0.85,文襄第五子也,12
270,277,295,邙山五百骑,"芒山之败为中军,率五百骑再入周军至金墉;被围甚急;免胄示之面,城上弩手救之;武士共歌之为兰陵王入阵曲",564,,1.0,-1,0.85,率五百骑再入周军，遂至金墉之下,12
271,296,277,忌杀,入阵太深失利悔无所及;对:家事亲切不觉遂然;帝嫌其称家事;武平四年使徐之范饮以毒药,573,,1.0,-1,0.85,帝嫌其称家事，遂忌之,12
272,279,277,劝自污/劝退,恐以威武见忌欲自污;求福反以速祸;宜属疾在家勿预时事,571,,1.0,1,0.85,宜属疾在家，勿预时事,12
273,277,280,夫妻诀别,我忠以事上何辜于天而遭鸩也;妃:何不求见天颜;长恭:天颜何由可见,573,,1.0,1,0.85,天颜何由可见,12
274,278,277,兄弟(服其勇/哀其死),"兰陵芒山凯捷诸兄弟壮之;延宗独曰:四兄非大丈夫何不乘胜径入;及兰陵死,手书以谏泪满纸",564,,1.0,1,0.85,使延宗当此势，关西岂得复存,12
275,278,297,鞭仇,为草人以像武成鞭而讯之:何故杀我兄;奴告;覆卧于地马鞭挝二百几死,565,,1.0,-1,0.85,何故杀我兄,12
276,295,278,执手礼遇→赐死,自投下马执其手:两国天子有何怨恶;使复衣帽礼之;后诬遥应穆提婆反;以椒塞口而死,576,,1.0,0,0.85,两国天子，有何怨恶,12
277,296,278,弃之,我宁使周得并州不欲安德得之——后主对近臣语,576,,1.0,-1,0.85,我宁使周得并州，不欲安德得之,12
278,281,277,表赃→被安,表列其赃免官;讨定阳士深在军恐祸及;长恭:吾本无此意;求小失杖二十以安之,565,,1.0,0,0.85,吾本无此意,12
279,278,295,晋阳守城战,将士咸请:王若不作天子诸人实不能出死力;即帝位改德昌;倾府藏美女赐将士;亲执手陈辞自称名流涕呜咽;童儿女子亦乘屋攘袂投砖石;周军大乱争门相填死者千余;周武左右略尽,576,,1.0,-1,0.85,皆亲执手陈辞,12
